date,bist_100,sp_500,bist_bank,us_treasury,gold,brent_crude,usd_try,bitcoin
2021-03-04,100.0,380.0,120.0,105.0,1850.0,75.0,8.5,29000.0
2021-03-05,99.3925,378.0704,118.8101,104.871,1863.3829,77.3127,8.5817,27794.9492
2021-03-08,99.0232,374.4084,117.6597,105.2439,1852.8918,75.4373,8.4371,27734.1659
2021-03-09,99.7078,379.4292,115.8805,104.7221,1848.4514,75.2364,8.3631,28488.1336
2021-03-10,99.1903,383.2507,114.3905,105.3305,1855.1498,74.9565,8.329,28200.2088
2021-03-11,96.744,381.4994,111.4419,105.6411,1865.226,74.0827,8.3087,27667.4721
2021-03-12,96.991,381.863,110.6359,105.9931,1858.0585,73.5811,8.3146,27336.4121
2021-03-15,97.3643,387.785,111.3498,105.9265,1865.4684,74.4749,8.2491,27108.1537
2021-03-16,98.5959,386.32,111.3772,106.442,1873.3099,72.9074,8.2049,26846.4002
2021-03-17,96.8594,381.3632,109.6377,106.783,1872.5192,72.994,8.0478,26409.3194
2021-03-18,97.4376,385.4825,111.143,106.4196,1843.3104,73.0948,8.0875,26766.4275
2021-03-19,97.6977,398.225,111.7431,105.432,1851.4089,74.2447,8.1113,30136.9803
2021-03-22,97.1165,423.9752,108.8208,104.2735,1848.7039,79.9651,8.1037,32813.7906
2021-03-23,98.2579,433.1866,110.8952,104.1337,1861.9065,82.4166,8.1802,33321.8422
2021-03-24,98.5456,438.1225,112.6941,104.068,1863.9373,83.8232,8.1873,35120.2895
2021-03-25,97.3383,439.4437,109.176,105.2208,1870.0133,85.102,8.1257,36204.6618
2021-03-26,95.2126,441.9122,108.6996,105.1799,1855.939,84.9592,8.038,37030.5472
2021-03-29,94.7283,442.4128,107.2761,105.8246,1855.5362,82.7266,8.1259,38346.1454
2021-03-30,97.2349,444.4879,109.9521,105.6818,1860.7232,82.5894,8.1969,39552.1018
2021-03-31,97.8784,445.5864,112.2469,105.0993,1863.0492,82.3756,8.3694,41010.3892
2021-04-01,99.9322,451.2552,112.5006,105.0172,1853.8819,81.6608,8.3853,41096.7328
2021-04-02,99.1291,444.8397,113.9115,105.2944,1851.6598,80.2754,8.3337,38766.5819
2021-04-05,99.9363,442.2614,112.9937,105.3409,1841.1526,80.1448,8.3487,40302.0298
2021-04-06,98.5749,448.9144,110.1301,105.0626,1827.3287,77.9412,8.2513,40951.1753
2021-04-07,99.5766,455.3122,110.586,105.3205,1838.7801,77.3757,8.2167,41127.2631
2021-04-08,100.1728,446.8161,111.7267,105.6508,1846.2545,76.4789,8.2712,40055.6366
2021-04-09,96.5845,448.2387,108.2451,106.1358,1829.1126,76.2841,8.1818,38215.7438
2021-04-12,96.7879,447.5289,108.0561,105.9592,1836.1325,74.7496,8.0994,38244.1191
2021-04-13,97.0021,448.6054,109.8401,105.9754,1823.6433,77.0681,8.1021,39579.1423
2021-04-14,94.3644,444.8049,106.6838,106.1344,1839.1034,77.4185,7.99,39232.1563
2021-04-15,94.4269,445.5792,106.3332,105.2716,1805.7412,76.7061,7.9041,39071.0153
2021-04-16,96.5387,444.8214,109.2686,105.1399,1813.0628,76.0305,7.9255,41330.8873
2021-04-19,97.6185,436.3086,114.1947,104.8896,1814.7608,75.6077,7.9862,41268.0467
2021-04-20,97.351,436.4977,113.1768,105.2532,1835.9874,76.9029,7.9055,41588.8542
2021-04-21,96.1413,431.0363,114.8497,105.4217,1836.4549,77.5059,8.1248,40765.2689
2021-04-22,98.5585,437.9307,118.2765,105.2422,1859.0018,79.2727,8.2146,42267.3059
2021-04-23,99.709,439.0055,118.6099,105.4642,1857.3702,79.4494,8.25,42702.7636
2021-04-26,100.8623,438.8321,119.1469,104.5871,1845.9876,78.3679,8.2951,43510.4948
2021-04-27,100.7938,436.5538,120.1113,104.6705,1837.6117,77.902,8.2573,42669.3311
2021-04-28,98.2731,434.8205,116.7818,105.3455,1830.1992,76.0187,8.2046,44037.8373
2021-04-29,99.2315,438.9797,118.8042,105.5311,1833.4864,75.7201,8.2232,46100.7104
2021-04-30,97.8504,442.8721,117.4304,106.3925,1834.7964,75.2786,8.3245,46825.5971
2021-05-03,100.0691,438.2174,116.0259,106.8449,1846.8582,74.8262,8.5872,47841.5036
2021-05-04,98.9998,439.1126,115.1996,107.0509,1849.2989,73.6582,8.5235,46821.7062
2021-05-05,100.4687,439.7143,115.5023,107.7458,1846.5885,76.1982,8.5508,45792.2362
2021-05-06,99.112,441.5338,115.3292,108.4896,1861.9844,76.3663,8.7311,45648.5738
2021-05-07,98.2148,436.2797,114.2853,108.3103,1857.399,75.3791,8.6849,45769.1476
2021-05-10,95.6295,439.252,111.3034,108.1655,1868.1306,74.7027,8.5765,45714.6716
2021-05-11,94.656,439.2859,109.1662,107.5987,1868.4468,74.4838,8.4523,46728.8487
2021-05-12,95.6221,444.539,110.8217,107.6328,1872.3319,73.8733,8.3205,47692.669
2021-05-13,90.9742,440.6425,104.515,107.6255,1863.4448,75.132,8.2955,47334.0045
2021-05-14,89.3148,439.9867,102.9916,108.4304,1877.5245,75.6278,8.3709,45413.574
2021-05-17,87.1626,444.564,99.2772,108.0815,1900.8235,78.1882,8.2736,46932.61
2021-05-18,88.3318,447.9174,100.203,107.5726,1913.2277,80.0801,8.3047,48650.8186
2021-05-19,88.6883,448.1876,100.2705,107.8188,1910.092,79.4827,8.2663,47661.8128
2021-05-20,88.9744,444.7265,100.902,108.8018,1902.4732,78.8525,8.3655,48079.7952
2021-05-21,91.8608,445.5328,103.0823,109.062,1929.6655,78.5847,8.4915,47994.202
2021-05-24,90.457,444.4339,103.1121,108.6051,1923.9626,78.673,8.4522,45792.8489
2021-05-25,90.9195,440.8723,104.6459,108.8703,1925.7613,79.1381,8.4052,46450.3854
2021-05-26,91.3391,440.3595,103.519,108.5071,1937.0479,78.4168,8.4172,45054.9903
2021-05-27,93.6206,441.192,105.7061,108.1523,1954.3059,83.2463,8.5157,45405.7077
2021-05-28,91.1447,433.82,103.2416,108.4126,1945.5012,82.1819,8.6368,41262.4707
2021-05-31,93.4357,435.5649,105.154,108.7242,1944.7649,84.7343,8.7267,42667.4715
2021-06-01,92.5914,433.586,104.9036,109.4786,1947.0506,86.151,8.774,43999.265
2021-06-02,93.8415,434.0002,104.424,109.6126,1945.8256,87.4278,8.8278,44029.9186
2021-06-03,95.2996,435.7824,105.2975,108.9338,1990.4384,88.7827,8.9578,45779.0962
2021-06-04,94.3854,427.5103,104.7464,110.0479,2012.6108,86.8882,8.9253,42308.4317
2021-06-07,95.2678,424.1068,107.0351,109.6038,2010.9725,88.653,9.0318,43749.7519
2021-06-08,94.9095,427.343,106.3837,109.5222,2001.0273,88.3148,8.9835,42706.6872
2021-06-09,95.3335,431.843,107.5476,108.8657,1996.6831,89.8098,8.9258,43762.4742
2021-06-10,95.2926,433.2901,108.8424,108.5561,1966.2574,89.8004,8.7585,42468.9221
2021-06-11,95.9932,430.9356,108.5414,108.9253,1976.4295,90.0412,8.5171,41684.5937
2021-06-14,96.5803,436.6752,108.2748,109.5312,1991.351,90.2238,8.5961,41351.26
2021-06-15,96.2641,430.1635,109.5376,110.043,2003.1862,90.9451,8.5987,40851.0507
2021-06-16,100.1642,434.9399,113.7897,110.2216,2014.1307,91.9001,8.7403,41039.1076
2021-06-17,100.4272,433.1321,111.0729,110.2257,2025.1812,91.0922,8.896,39956.0328
2021-06-18,101.0778,435.6305,111.2748,110.029,2045.7459,89.322,8.9573,41147.6313
2021-06-21,101.7774,433.0702,113.3781,110.1658,2040.0814,88.7816,9.0272,41955.4598
2021-06-22,102.2019,426.2023,112.0714,110.5842,2041.8386,88.2556,9.0584,41405.6637
2021-06-23,103.482,428.8313,111.9994,110.969,2067.4834,87.8263,9.0733,42333.3976
2021-06-24,103.6253,428.6863,111.4319,110.807,2047.8442,87.2757,9.0292,42410.3447
2021-06-25,103.542,425.7717,112.6003,110.6255,1999.9232,86.9445,8.9637,41772.2412
2021-06-28,103.1548,422.0647,112.0336,111.0226,1991.0207,86.5401,8.9118,41148.4351
2021-06-29,103.2087,433.3194,112.403,111.0579,1989.4417,85.7456,8.9986,40066.1052
2021-06-30,106.5287,434.1554,114.5027,110.5018,2005.109,86.2756,9.1542,43112.2349
2021-07-01,105.9556,433.3948,113.7921,109.6168,2005.8366,83.3455,9.0432,44744.1151
2021-07-02,103.09,424.8465,108.9,109.9006,1960.1478,81.8792,8.8597,42791.8968
2021-07-05,103.5034,424.1653,110.1279,109.8143,1976.6167,79.9494,8.8483,46206.5435
2021-07-06,103.536,425.3331,109.9362,110.4129,2012.2471,82.9175,8.8425,48257.8858
2021-07-07,104.802,428.1863,112.0316,110.5498,2017.274,79.9236,8.7843,48553.7867
2021-07-08,104.9087,427.7756,109.7874,111.1911,2037.3611,78.1746,8.7907,47505.4344
2021-07-09,101.0418,421.9729,107.0613,111.5087,2036.7979,75.3092,8.6633,45470.2247
2021-07-12,100.7167,419.4969,104.8051,112.3039,2057.0125,75.13,8.7605,45999.4696
2021-07-13,100.931,420.5973,104.8582,110.9434,2031.771,76.7043,8.8408,46183.0181
2021-07-14,99.3431,422.7998,102.4117,111.1013,2022.2903,74.6925,8.7486,48386.1052
2021-07-15,99.4144,429.786,103.1556,110.8172,2023.1652,76.9711,8.7697,45795.4074
2021-07-16,99.2742,427.2338,103.0341,110.7926,2015.9337,76.9782,8.8034,44360.0544
2021-07-19,99.0981,428.1774,102.3192,110.8441,2046.5675,78.616,8.7186,44377.6735
2021-07-20,98.7092,428.0584,105.3668,110.8113,2051.8222,78.5383,8.8167,44868.759
2021-07-21,98.3929,430.2169,103.8861,111.0359,2047.8183,77.7114,8.8554,42437.5913
2021-07-22,96.6039,430.9756,100.9952,110.426,2032.4864,76.4713,8.9199,43447.5407
2021-07-23,96.507,424.7293,99.6869,110.5118,1995.1364,75.0187,8.9336,42397.5915
2021-07-26,95.936,430.8445,97.5623,110.9538,1970.0483,75.7057,8.9462,45701.021
2021-07-27,96.1726,433.2721,98.9156,111.2417,1989.0937,77.0412,8.9957,45784.8271
2021-07-28,95.2532,435.4419,98.0068,111.5044,1986.1919,76.9399,9.0272,48082.8488
2021-07-29,96.0874,432.5103,98.1923,111.7566,2005.6238,77.1127,8.9486,49800.5324
2021-07-30,94.957,429.7991,97.2108,111.3842,1992.7886,76.1686,8.8767,47791.9765
2021-08-02,93.5355,425.2519,94.8077,111.8468,1990.0551,76.6682,8.6989,47633.9118
2021-08-03,93.9926,426.6084,96.4331,111.6636,1989.0294,77.3149,8.7088,48169.3146
2021-08-04,92.0864,424.2212,95.1551,112.1348,1981.9463,76.3476,8.6737,47972.0847
2021-08-05,92.8265,428.2038,95.9553,112.5108,1974.188,77.5801,8.7791,45580.0299
2021-08-06,94.2492,429.8602,99.2375,112.1683,1981.0943,78.5566,8.6975,46519.9628
2021-08-09,95.3449,425.9029,98.9448,112.3329,1992.2499,80.0847,8.657,46858.9564
2021-08-10,96.7255,429.0752,99.8398,112.7196,1992.9211,81.2217,8.5791,48454.2975
2021-08-11,95.543,426.4323,97.7873,112.8343,1986.2112,80.6997,8.6385,49496.135
2021-08-12,95.5882,425.997,97.0044,112.8082,1977.9225,79.8755,8.7037,47221.0584
2021-08-13,93.656,426.9949,94.059,113.5853,1998.9477,80.5409,8.5866,47698.7489
2021-08-16,94.2554,432.6839,95.6358,112.6309,1981.0466,80.2012,8.6501,48117.91
2021-08-17,95.3824,430.2063,97.4698,112.3874,1965.7497,80.7098,8.7475,49531.6948
2021-08-18,92.5451,431.9201,95.5039,112.6842,1971.6403,80.0085,8.6563,50102.1023
2021-08-19,93.9029,440.4233,97.5957,112.2156,1952.0667,81.127,8.739,50193.8419
2021-08-20,95.8854,439.056,100.866,111.7274,1942.0144,81.557,8.8943,54227.4509
2021-08-23,94.5683,440.9952,99.3323,111.6589,1948.3285,81.9021,8.8219,54564.0359
2021-08-24,94.4354,442.1825,98.2642,111.3152,1938.0405,81.0895,8.7131,53631.7026
2021-08-25,94.7872,443.9328,98.0084,111.45,2002.7594,83.22,8.6971,52668.7747
2021-08-26,96.0603,448.714,99.8944,111.2703,2004.8631,84.6559,8.7156,52539.9339
2021-08-27,95.723,451.5397,98.0632,110.91,2013.4664,85.4768,8.6772,51796.9596
2021-08-30,96.5862,449.3011,98.0761,111.2226,2026.791,85.0682,8.6607,52999.4182
2021-08-31,97.6255,455.4995,99.4453,111.0666,2009.8028,83.3135,8.6091,52307.5869
2021-09-01,97.2936,456.6788,99.5864,110.7348,2007.2366,82.1832,8.6046,54020.8108
2021-09-02,98.6992,459.4402,102.3178,109.5383,1992.6825,81.3599,8.5425,55360.5314
2021-09-03,97.0685,462.0046,102.7095,109.8309,1981.5252,79.1541,8.4358,51146.7697
2021-09-06,99.7048,462.1766,104.836,110.4741,1982.4804,80.0456,8.6829,50569.9643
2021-09-07,99.2905,466.2534,103.5277,110.3393,1945.2262,80.9541,8.7158,49632.6713
2021-09-08,95.0292,455.982,100.2647,110.6023,1941.4788,79.218,8.5805,48614.298
2021-09-09,94.8731,457.4779,98.2024,111.012,1931.9479,76.6399,8.5589,47987.4527
2021-09-10,94.3227,459.5372,97.68,110.895,1937.1412,76.0616,8.7016,48704.1468
2021-09-13,94.5637,459.1001,98.9837,110.0092,1933.1977,74.8884,8.759,48418.1711
2021-09-14,95.0666,455.8761,97.3656,110.0504,1938.7083,74.5846,8.9306,47661.6502
2021-09-15,96.0897,455.1907,97.8688,110.4181,1963.5601,74.6771,8.9742,47236.4021
2021-09-16,95.9973,458.4971,94.5197,111.3118,1991.397,74.8431,8.8065,50028.0181
2021-09-17,94.716,456.1682,91.6415,111.7145,1974.3936,76.4142,8.8188,48747.2578
2021-09-20,91.1343,456.3236,88.4334,112.5101,1957.1328,76.3746,8.7709,48768.5222
2021-09-21,91.8123,461.7013,88.2928,112.1075,1962.2323,76.6061,8.618,48925.708
2021-09-22,94.7203,461.9833,92.1574,111.9751,1989.7629,77.0378,8.5893,49631.5963
2021-09-23,94.9736,457.6954,92.4241,111.305,1975.617,76.9844,8.6923,48603.3019
2021-09-24,95.2143,481.7343,94.0813,110.3726,1970.0018,79.0032,8.6941,48842.751
2021-09-27,97.2607,485.2651,97.1403,110.9632,1989.7202,77.3569,8.7638,48628.7938
2021-09-28,96.3694,479.2175,95.4977,110.8398,1994.5107,79.1358,8.9404,47988.5825
2021-09-29,97.5895,478.8097,96.5472,110.286,1988.2799,79.2972,8.834,49501.3566
2021-09-30,100.1614,483.9713,96.7663,111.0042,1985.4869,80.054,9.0604,51832.3628
2021-10-01,100.373,487.6885,96.8864,111.0228,2009.511,79.8383,9.1221,51680.0711
2021-10-04,97.279,486.628,93.3926,111.7942,2013.4258,77.8757,9.0577,50342.5593
2021-10-05,99.7884,493.895,96.4379,112.4553,2013.6093,78.5225,9.0309,50346.5282
2021-10-06,98.0843,490.6592,93.7149,112.3226,2016.655,79.0252,8.9759,50035.7868
2021-10-07,94.3159,494.4155,90.1731,112.7244,1993.1547,79.4352,8.8474,48070.0334
2021-10-08,94.5176,488.6581,89.7564,113.6022,2007.7974,78.7558,8.703,47129.8463
2021-10-11,96.0939,481.7276,89.744,113.8906,2030.1584,78.122,8.7033,48014.3542
2021-10-12,96.1598,470.8305,89.75,113.9852,2012.9137,79.0007,8.7336,46863.4135
2021-10-13,97.8995,477.1806,90.8212,113.2713,1983.0089,79.3667,8.7229,48446.1373
2021-10-14,96.3002,476.5541,90.4149,113.4484,1981.0547,80.5261,8.6708,48358.5639
2021-10-15,97.3786,479.1603,92.2707,112.8859,1963.2333,79.2588,8.6435,47674.7924
2021-10-18,98.2763,474.0185,93.0624,112.7706,1955.6576,79.3629,8.6969,47165.1081
2021-10-19,97.3813,474.253,92.71,112.6399,1963.34,79.0467,8.6744,48457.7742
2021-10-20,99.0604,481.5413,94.112,112.5739,1982.839,80.5502,8.7123,50069.6575
2021-10-21,98.3005,478.1906,93.4683,112.2289,1973.5858,80.2344,8.6873,52353.1196
2021-10-22,99.4539,485.5399,93.9126,111.4334,1967.884,80.3498,8.7414,53116.0376
2021-10-25,99.1937,478.2077,93.9941,111.3461,1943.5318,79.4999,8.7326,49011.6508
2021-10-26,102.0975,479.9577,95.9759,110.5866,1948.5072,79.4036,8.8025,48606.8057
2021-10-27,101.2101,480.335,96.5651,110.672,1942.1596,77.642,8.6603,47196.3251
2021-10-28,99.1564,485.003,94.7946,110.6055,1936.9451,77.5417,8.6152,46522.1877
2021-10-29,99.8594,489.6727,94.6351,111.0157,1950.1229,77.685,8.4872,48742.8736
2021-11-01,97.8649,491.1632,92.6329,110.326,1923.7719,77.3378,8.508,53220.7925
2021-11-02,96.2255,488.9279,91.3754,109.7087,1915.6952,76.9809,8.5221,54674.258
2021-11-03,97.828,489.9145,95.0685,109.3039,1926.1079,76.4858,8.4623,54271.367
2021-11-04,98.3341,490.1677,95.9638,109.0213,1945.1508,77.9909,8.4081,57111.4575
2021-11-05,99.6149,491.1389,95.9968,110.0834,1952.1547,75.352,8.5478,57376.0146
2021-11-08,99.9888,497.5389,95.2865,110.068,1938.9401,78.1744,8.3642,58416.4193
2021-11-09,99.1688,482.1645,94.5185,110.2763,1938.0056,78.2829,8.329,54969.2315
2021-11-10,99.4643,481.6288,94.7397,111.3963,1945.818,77.8333,8.412,58678.2589
2021-11-11,100.5881,482.813,96.0766,111.9209,1959.5102,77.2324,8.4629,60730.8437
2021-11-12,101.1134,480.5859,96.9651,111.4999,1953.9652,76.8468,8.4575,62182.4261
2021-11-15,100.9164,477.914,96.4055,111.8213,1958.6743,77.3742,8.422,60964.635
2021-11-16,101.9056,477.0387,97.6191,111.4655,1929.3016,77.932,8.2282,58341.2914
2021-11-17,102.196,482.5145,99.7792,111.3245,1934.8128,78.9454,8.2717,58177.9539
2021-11-18,103.7563,485.0151,101.2864,111.8207,1939.6711,79.0471,8.2568,56458.2635
2021-11-19,106.6927,485.2351,103.6049,111.3822,1947.1821,78.4479,8.4712,57246.086
2021-11-22,107.2926,483.3381,103.4481,110.7343,1925.062,78.6679,8.5276,54917.8261
2021-11-23,103.6854,478.2774,101.2248,110.2504,1911.4601,76.8275,8.3571,57831.627
2021-11-24,105.3664,477.438,105.1759,110.3563,1905.9295,77.5092,8.3323,58323.1195
2021-11-25,104.6791,473.4535,106.2415,109.2309,1890.2693,75.5056,8.3887,57329.7055
2021-11-26,105.6741,478.1767,105.3399,108.8458,1867.8831,73.9836,8.4499,56777.8986
2021-11-29,106.1649,474.8185,105.1433,108.419,1880.2224,72.5153,8.3991,61482.6046
2021-11-30,105.8394,479.2574,104.9126,108.2778,1880.5753,72.6989,8.4348,63112.4064
2021-12-01,105.198,483.3384,104.3527,107.7045,1877.0636,74.1241,8.5529,64888.5175
2021-12-02,105.6186,481.5215,105.5391,107.8529,1862.2108,73.6377,8.6085,66687.6937
2021-12-03,106.6399,480.4817,106.4792,107.8525,1837.4571,73.4274,8.4995,67422.4175
2021-12-06,105.8148,481.7038,103.7916,108.1439,1835.8819,71.8884,8.5179,70088.4577
2021-12-07,106.1345,483.1867,104.4253,107.7175,1818.4461,73.017,8.6414,70042.5617
2021-12-08,107.1004,486.0769,106.5518,108.1306,1834.9584,73.2884,8.705,69720.8412
2021-12-09,105.9786,487.2198,107.661,106.9082,1804.9143,72.9683,8.6898,71143.9255
2021-12-10,107.887,488.1932,108.0573,107.2148,1821.0573,74.0195,8.7998,71664.7357
2021-12-13,106.2138,489.6122,106.209,106.0888,1799.7992,73.8151,8.7471,72959.6137
2021-12-14,105.3617,482.0162,105.8522,105.4048,1806.2191,73.5844,8.7153,71393.319
2021-12-15,104.3985,479.6816,105.2262,106.0593,1820.976,75.7416,8.7615,70849.0234
2021-12-16,105.7168,472.887,106.1486,105.9075,1791.83,76.0818,8.7637,69395.7193
2021-12-17,107.8966,472.4923,107.3735,106.4184,1818.9901,76.3805,8.6946,68512.281
2021-12-20,107.9578,472.0076,108.4297,106.4677,1806.6484,76.7681,8.6853,64418.9284
2021-12-21,104.5791,471.0476,106.9243,106.2824,1786.9245,74.8745,8.535,61880.8748
2021-12-22,105.3446,470.038,107.3058,106.0796,1784.7452,76.9354,8.6271,62783.7558
2021-12-23,107.1227,471.1709,110.3025,106.9031,1790.2025,79.5098,8.7414,63788.7358
2021-12-24,107.2696,468.988,111.0189,107.1826,1793.9169,78.8572,8.7718,61964.0956
2021-12-27,108.2784,476.0545,111.7322,107.1471,1797.9115,78.9476,8.5098,63790.9898
2021-12-28,107.9339,482.1402,110.8038,106.8679,1764.6766,75.2123,8.397,63629.3395
2021-12-29,107.0891,482.5035,109.5887,107.4895,1767.298,74.8713,8.2879,63385.4478
2021-12-30,108.3445,482.606,110.0424,107.2086,1776.1126,74.8111,8.3671,62872.0225
2021-12-31,109.4496,482.8421,109.9062,105.953,1768.7585,75.1469,8.3107,65935.396
2022-01-03,108.7805,484.585,108.4099,105.827,1760.3063,74.3887,8.1922,65833.3196
2022-01-04,105.429,479.6192,103.8974,105.7521,1756.5211,76.5564,8.0601,65241.191
2022-01-05,107.7265,478.0178,105.6317,105.4556,1789.2634,78.223,8.1614,65522.4978
2022-01-06,108.74,485.7807,105.3624,105.6021,1803.0472,80.1462,8.1856,68062.1654
2022-01-07,107.8274,490.1601,106.2573,104.2274,1806.6534,83.0933,8.2233,72309.6511
2022-01-10,108.0953,487.6507,106.4032,104.3949,1822.2902,82.8445,8.3347,71868.5372
2022-01-11,110.1353,487.6525,106.8976,104.2243,1820.6129,81.3436,8.4672,73270.2327
2022-01-12,111.1864,489.6226,110.9924,103.7539,1815.7759,81.5954,8.5917,73668.2846
2022-01-13,108.7365,491.5397,108.0412,103.8905,1812.9306,80.5487,8.6061,76573.615
2022-01-14,107.4549,483.6524,108.1347,104.0352,1801.7807,78.2639,8.5553,74846.4953
2022-01-17,107.6437,488.5193,108.4319,104.4637,1808.5754,78.1944,8.3944,69307.7705
2022-01-18,109.0581,486.9418,109.0215,104.1578,1809.5491,78.4338,8.4673,68490.8813
2022-01-19,108.0779,489.4698,108.1998,103.8438,1794.1225,76.4478,8.8679,68079.3586
2022-01-20,108.2162,497.0816,106.5357,103.8881,1813.2383,75.1456,8.8145,66760.7642
2022-01-21,108.722,489.0006,106.1309,103.2146,1816.9655,74.8308,8.9237,68454.4716
2022-01-24,107.5467,486.4073,104.4625,102.2417,1795.6332,74.6634,8.9923,70949.3211
2022-01-25,110.1841,488.1611,106.0146,102.9768,1790.0843,75.6192,8.9716,69916.1748
2022-01-26,108.1274,483.3249,104.6416,103.2888,1781.7512,75.7107,9.1192,67822.4843
2022-01-27,106.7112,479.0465,103.6436,103.2678,1784.5418,73.4147,9.1417,65211.034
2022-01-28,109.3954,480.4486,107.6822,102.6526,1780.3271,73.4289,9.2435,64610.2063
2022-01-31,109.2298,479.4762,107.0855,102.3927,1786.5491,75.2823,9.2276,64706.1343
2022-02-01,106.9449,473.7716,106.5609,101.7603,1775.5864,74.4828,9.3153,60117.7491
2022-02-02,105.4566,471.9557,105.918,102.2398,1788.0952,73.7383,9.0526,62088.0669
2022-02-03,105.8423,472.8027,104.8258,102.3004,1775.1027,72.044,8.983,60447.8291
2022-02-04,104.7741,462.0048,103.6073,101.859,1767.4412,71.6923,9.0165,57513.5861
2022-02-07,106.0194,466.1655,105.3845,101.6908,1778.4882,72.049,9.0552,58473.9212
2022-02-08,106.5166,467.2028,105.3958,99.9695,1757.9595,73.2477,8.915,57396.1648
2022-02-09,106.1711,461.263,104.8792,100.9092,1768.7192,73.0423,8.7085,54563.507
2022-02-10,106.4369,460.8413,105.6137,101.5316,1763.8839,72.2565,8.7938,53885.3774
2022-02-11,108.3346,464.1651,106.1494,101.9835,1790.0344,77.2212,8.8608,57540.8662
2022-02-14,108.2937,467.2211,104.9609,102.1841,1793.418,76.95,8.8524,56911.3285
2022-02-15,107.4832,468.2833,105.8402,102.027,1801.408,77.3678,9.0195,55672.7032
2022-02-16,107.3501,467.7331,106.7113,102.1204,1815.5282,76.6561,9.0685,59138.8531
2022-02-17,110.0339,475.0089,108.6587,102.2933,1863.1804,77.7474,9.0026,63153.6386
2022-02-18,111.8366,469.6705,111.5703,102.1762,1864.3982,79.3825,8.981,63722.8614
2022-02-21,109.9931,463.8839,108.5662,102.0993,1878.383,78.3269,9.0032,63405.7916
2022-02-22,109.3642,462.7548,108.0466,103.3961,1883.9636,76.0343,9.0358,63114.154
2022-02-23,110.19,461.3087,108.5165,103.7972,1880.5897,73.7171,9.0264,62066.5691
2022-02-24,110.9052,457.9521,107.3753,104.1327,1884.4548,70.9728,9.0089,63251.2431
2022-02-25,111.0541,455.8485,107.6489,103.8258,1893.5889,69.7573,9.0288,65292.2351
2022-02-28,110.9888,482.9298,103.0318,103.4079,1943.9347,72.5391,9.1098,70639.7567
2022-03-01,112.2557,480.7768,101.9741,103.4571,1947.154,71.7706,9.0531,67397.7796
2022-03-02,111.0319,481.4437,99.3633,103.1529,1953.8791,70.1717,9.0441,66543.8174
2022-03-03,107.3401,483.4562,95.5447,103.0245,1939.5281,68.8404,8.8114,65995.087
2022-03-04,109.0509,478.0299,94.4928,102.0664,1940.5963,70.0691,8.8794,69399.6253
2022-03-07,108.9899,476.1999,96.6602,101.9016,1938.264,71.0068,8.9712,69456.8958
2022-03-08,105.8061,473.5215,92.71,101.8702,1956.0064,71.7688,8.8374,68090.5114
2022-03-09,106.4772,465.7495,93.4007,102.2268,1962.1218,74.0868,8.8994,67578.7544
2022-03-10,107.1622,465.2609,94.5285,102.2404,1971.1921,74.3499,9.0821,68443.5767
2022-03-11,106.0247,462.4616,94.2237,101.7505,1964.5649,71.7271,9.0392,65679.5989
2022-03-14,109.1153,468.5435,99.7067,101.2262,1938.3865,71.1924,8.9638,65147.0556
2022-03-15,110.2004,468.2367,100.8102,100.082,1947.3923,73.1982,9.0309,68193.6046
2022-03-16,110.3708,464.1023,100.2911,99.921,1951.5735,72.2084,8.964,67374.6589
2022-03-17,112.2411,459.0914,102.2223,99.9865,1956.1473,73.0065,9.0545,68163.0738
2022-03-18,110.8085,454.4994,101.6579,99.5829,1947.7504,71.8781,9.0163,66546.7837
2022-03-21,112.1304,451.6952,104.8559,98.6404,1961.8632,70.0622,9.0679,67965.5756
2022-03-22,116.0481,452.3982,109.1609,97.6629,1964.9462,68.2165,9.2511,71370.7251
2022-03-23,115.2557,462.4486,109.6906,96.9793,1967.5529,67.9366,9.342,73287.7041
2022-03-24,112.8473,455.1212,106.5716,97.1095,1955.2863,71.2527,9.2607,69159.9618
2022-03-25,112.6741,455.712,107.0681,96.5429,1957.713,72.5493,9.224,71394.7062
2022-03-28,112.3488,451.9189,106.1733,96.6629,1952.8194,70.7311,9.3857,69460.5506
2022-03-29,114.2213,453.6684,107.9742,96.3362,1953.6439,74.2222,9.5394,68609.6428
2022-03-30,112.5218,453.83,105.6289,96.0535,1949.1426,74.479,9.3837,66289.4375
2022-03-31,113.7276,454.6575,106.0176,97.0009,1980.5598,74.2391,9.5301,63699.3754
2022-04-01,113.1725,451.9123,104.9833,96.8182,1983.0721,73.7805,9.5116,64429.2286
2022-04-04,111.0945,455.6763,100.7531,96.2909,1988.1268,75.1499,9.4161,64283.5724
2022-04-05,112.4243,469.0277,102.9354,95.6575,1984.3658,74.9959,9.4706,65552.5232
2022-04-06,111.4374,460.704,102.4953,96.0706,1988.2061,74.0987,9.3253,64627.5787
2022-04-07,112.3378,462.4004,102.796,94.8734,1956.134,73.5723,9.1947,64585.9665
2022-04-08,110.8085,458.1976,99.2653,94.0184,1917.1459,73.995,9.0929,66965.8856
2022-04-11,109.4689,450.1061,96.4955,94.3674,1940.4994,73.9287,9.0694,64085.0856
2022-04-12,110.7674,452.9278,97.5508,93.7729,1957.835,74.6674,9.0485,63741.33
2022-04-13,111.146,452.7679,97.5192,94.3086,1964.6431,75.1305,9.1018,63063.3836
2022-04-14,110.4329,449.0888,97.7217,93.8026,1965.3129,73.7826,9.0586,62120.737
2022-04-15,110.4222,452.4375,97.5957,91.918,1950.3346,74.8832,9.2682,61487.0734
2022-04-18,111.2306,454.1213,97.8412,91.6719,1942.4547,71.7508,9.1394,62284.5062
2022-04-19,109.4602,450.3089,95.5508,91.9928,1935.718,71.1619,9.1443,61229.3541
2022-04-20,110.1145,445.9792,96.3646,92.0549,1933.9877,70.5468,9.1321,57408.6096
2022-04-21,109.2912,446.0209,95.9608,92.1018,1925.1435,70.5701,9.1881,56074.8089
2022-04-22,108.0021,444.5165,95.1595,92.0787,1936.9592,68.9807,9.1374,53940.3971
2022-04-25,105.0123,443.6753,93.3199,91.6766,1947.5397,67.7336,9.0422,54315.8994
2022-04-26,107.0072,441.4748,96.1218,91.8505,1970.0679,65.713,9.0454,53405.1618
2022-04-27,107.8885,442.5322,101.1121,91.4785,1935.7394,66.1926,8.9839,52903.2045
2022-04-28,107.6492,445.7095,103.0323,91.2124,1940.2805,67.1012,9.1543,53204.7974
2022-04-29,106.4833,443.2793,103.2426,90.6138,1954.018,65.2937,9.1308,54394.1968
2022-05-02,104.8081,427.2009,100.8128,90.2373,1920.07,63.3721,8.8326,55373.6841
2022-05-03,103.8639,425.6119,99.7291,90.2463,1929.9813,62.0464,8.7518,53433.0312
2022-05-04,107.0419,426.3521,101.197,90.7424,1950.0254,63.6997,8.991,51224.7726
2022-05-05,105.9934,423.1084,98.3792,90.5052,1951.0273,64.5566,8.9291,49109.9958
2022-05-06,104.5397,419.8476,96.9984,90.5483,1958.7758,63.9913,8.8158,49101.3971
2022-05-09,103.9284,417.4105,95.8379,90.3593,1966.5101,62.8949,8.7988,48534.6604
2022-05-10,104.7563,416.2853,97.4074,91.4232,1995.8884,60.9997,8.7851,47244.666
2022-05-11,106.3469,417.8925,98.2476,91.0554,1984.2874,61.2449,8.9178,46972.4069
2022-05-12,105.1079,417.8821,96.8001,91.2241,1987.9689,61.9254,8.8399,46314.1631
2022-05-13,107.2697,418.7412,99.3474,91.415,2004.258,62.5968,8.9037,46357.1074
2022-05-16,106.5839,416.4117,97.6391,91.3731,2016.063,61.9505,8.7293,47095.1775
2022-05-17,107.9371,412.1171,98.851,91.9945,2044.4001,60.0619,8.9041,46987.4734
2022-05-18,108.504,411.4118,101.0588,92.3945,2062.6367,59.5844,8.9518,45783.9742
2022-05-19,109.0003,417.0391,100.3935,92.163,2046.7717,58.9206,8.7609,48764.7614
2022-05-20,111.7229,418.3677,102.0897,91.7639,2067.2429,59.5116,8.8238,48377.4549
2022-05-23,115.4331,420.1509,106.6298,91.5699,2091.5804,59.4102,8.8562,47865.2604
2022-05-24,113.475,415.7679,104.8979,91.0212,2065.1308,58.5621,8.7615,49160.1564
2022-05-25,111.7204,412.3183,103.2426,91.2496,2057.8117,57.1884,8.8556,50448.1505
2022-05-26,113.3925,411.0276,101.2416,91.3902,2062.5489,58.0435,8.9548,50373.6653
2022-05-27,114.0841,407.5597,101.2028,92.567,2061.8484,58.303,9.0635,48596.2826
2022-05-30,114.2125,408.3818,100.7043,91.8328,2042.3539,58.1238,9.0371,51026.33
2022-05-31,115.5428,409.5502,101.824,92.1448,2049.4456,58.0704,9.0437,50022.449
2022-06-01,114.8298,406.2474,102.7664,92.1541,2040.2969,58.0578,9.1576,49572.1617
2022-06-02,114.7935,414.241,102.4411,92.8718,2057.3637,58.1303,9.2567,49802.0871
2022-06-03,113.7867,409.1354,101.6511,92.5556,2044.4846,57.418,9.2898,49829.472
2022-06-06,113.2838,404.144,99.7187,92.8075,2049.8622,56.7873,9.317,53010.1274
2022-06-07,112.9428,408.263,99.3287,93.1786,2034.8997,56.3403,9.365,49136.2748
2022-06-08,111.7409,403.9262,98.6446,92.8206,2020.4529,56.1225,9.4373,49881.7578
2022-06-09,111.2019,405.5127,99.0045,92.3347,1987.5419,56.52,9.3397,49511.0621
2022-06-10,110.9826,401.5739,100.607,92.6059,1983.6184,56.7486,9.3031,44916.9523
2022-06-13,110.2519,394.0186,100.0776,93.0572,1974.4834,55.1409,9.247,39974.2134
2022-06-14,111.2094,395.4417,100.0544,93.4494,1938.3578,55.1073,9.0496,39096.3607
2022-06-15,112.5978,396.8372,102.8134,92.9089,1935.2379,55.0211,9.179,38564.0511
2022-06-16,110.8967,401.4886,102.9408,91.6945,1895.2761,55.3252,9.2033,39024.4328
2022-06-17,112.1011,406.1617,104.7535,91.1117,1872.2582,55.2444,9.1443,39180.6378
2022-06-20,106.2745,398.1843,101.35,90.9137,1847.5632,54.3296,9.07,37138.5031
2022-06-21,105.3745,395.4413,100.0281,90.1199,1836.9297,55.5979,8.896,36104.852
2022-06-22,102.6691,399.9633,98.365,90.5168,1836.8729,55.8532,8.7268,36190.0885
2022-06-23,102.0544,398.2853,98.3871,91.1206,1870.4552,56.8645,8.8451,36583.0085
2022-06-24,102.0695,395.9379,97.2255,90.641,1875.7284,56.6133,8.8652,37695.5257
2022-06-27,102.4157,396.9199,97.5588,90.639,1887.1702,56.5124,8.9922,37088.1993
2022-06-28,103.9158,400.1659,96.7686,90.8784,1915.1898,58.2555,9.1361,38954.268
2022-06-29,106.0354,406.2516,98.7771,91.116,1926.9841,58.9844,9.0669,38992.6556
2022-06-30,104.6931,411.4083,100.9279,91.1944,1916.3657,59.7337,9.0897,38265.2819
2022-07-01,104.5737,409.3567,100.4919,90.5101,1922.8808,59.732,9.0912,38835.0878
2022-07-04,103.511,404.8135,99.6807,90.4883,1929.0374,58.8289,9.0358,38887.5443
2022-07-05,104.1854,403.846,100.2202,90.9575,1928.8901,59.7514,9.0167,38906.3757
2022-07-06,103.3648,401.9001,99.3994,91.2928,1938.6572,57.6876,8.96,39657.6133
2022-07-07,105.0362,398.1269,98.5585,91.6984,1962.3628,56.2977,8.981,38001.5262
2022-07-08,105.5935,401.6402,99.0951,92.1282,1950.8366,56.5583,9.0966,39260.4478
2022-07-11,106.8795,398.8612,101.8752,92.4357,1959.9564,55.7023,8.9795,38083.6971
2022-07-12,110.5049,402.7718,105.9034,92.6855,1966.2778,56.5711,9.066,41352.0555
2022-07-13,110.7195,406.3155,105.9965,91.9761,1983.2542,57.8072,8.9032,46490.2566
2022-07-14,108.4907,413.856,103.7377,92.8064,1988.5861,57.7697,8.8913,47335.0903
2022-07-15,106.3325,414.5977,101.8346,92.5172,1982.3535,58.4035,8.9234,49462.0395
2022-07-18,105.3185,417.1709,101.1807,92.9532,1966.9334,56.9454,8.9058,50179.1181
2022-07-19,105.456,418.4451,101.7651,92.9124,1954.2915,57.1859,8.9006,49786.2145
2022-07-20,101.8836,414.4049,97.456,93.0687,1960.5918,56.9042,8.7633,48674.5839
2022-07-21,104.0789,410.7455,99.9094,92.6486,1958.9454,57.0228,8.7574,47266.0427
2022-07-22,102.9402,410.589,98.8419,92.4911,1952.6639,56.6758,8.8837,48764.6734
2022-07-25,103.1575,412.8844,99.7716,92.2976,1953.0292,56.3495,9.0643,47726.4086
2022-07-26,102.6322,410.4812,98.2582,92.2015,1943.4252,55.0969,8.936,46664.124
2022-07-27,102.3783,404.1145,95.5371,92.6778,1964.4275,54.6171,9.0718,45969.0507
2022-07-28,101.6991,408.2836,95.9994,92.7852,1963.1388,53.4995,8.9864,46433.5689
2022-07-29,100.9887,408.2835,94.7089,91.5019,1935.0558,52.1949,8.9425,48365.1375
2022-08-01,103.5383,399.9201,96.3033,91.7323,1931.1341,51.0656,9.0743,48013.8507
2022-08-02,102.3214,408.2571,95.2838,91.4664,1925.9602,51.9503,9.0411,48669.2281
2022-08-03,102.6386,408.6164,93.7713,91.5768,1934.3433,52.5628,9.2027,47239.4881
2022-08-04,103.5872,412.5376,95.1448,91.2646,1938.2587,52.267,9.2399,48541.1575
2022-08-05,101.1078,412.5459,92.8462,91.6107,1939.365,52.1984,9.2807,48860.9322
2022-08-08,99.8136,406.0245,92.0214,91.566,1948.1128,50.8046,9.185,45183.8989
2022-08-09,100.8551,406.529,93.6818,91.3469,1940.811,51.504,9.2528,44402.9894
2022-08-10,101.0103,402.765,92.8529,91.8372,1932.7724,51.0719,9.1224,45313.6256
2022-08-11,101.078,409.3086,91.7329,92.2675,1934.0945,50.4571,9.2012,50795.2381
2022-08-12,100.8408,411.4633,91.9699,92.7461,1954.335,50.214,9.1447,50326.0202
2022-08-15,100.2927,409.5219,93.0263,92.8696,1986.9467,50.9767,9.187,49502.6932
2022-08-16,102.1504,408.7711,94.7114,93.1891,2016.1508,51.028,9.2844,49179.804
2022-08-17,102.7253,410.8981,96.7838,92.8066,2018.3426,52.7438,9.3924,50047.7835
2022-08-18,102.5645,419.8295,96.5292,91.9443,2002.6203,53.7285,9.482,51283.3851
2022-08-19,102.5367,419.5979,97.9086,91.7759,2005.2043,53.1367,9.4666,50925.5367
2022-08-22,100.8451,418.5857,95.6684,92.2042,2011.5883,55.0786,9.3439,49244.4846
2022-08-23,99.6328,417.3486,93.4778,92.4579,2004.266,55.8415,9.4032,48704.3806
2022-08-24,97.7524,412.7087,92.0541,91.8419,1993.6924,55.6375,9.4829,48374.9377
2022-08-25,97.1095,413.4868,92.3142,92.4142,1993.855,54.915,9.4671,49091.5885
2022-08-26,97.6118,407.6265,92.5338,92.4561,1980.9073,52.9665,9.7094,51087.0031
2022-08-29,97.4422,404.5159,92.1142,92.2601,1992.7048,54.0464,9.7214,51234.5342
2022-08-30,98.2441,406.7063,92.6381,91.5316,1989.6131,54.7587,9.6857,54610.1452
2022-08-31,98.0731,405.9001,93.3956,91.3653,1957.5665,53.3884,9.7086,54284.4934
2022-09-01,98.2402,402.9087,92.5819,91.1467,1949.0819,55.1885,9.69,52394.6042
2022-09-02,97.9001,400.3112,89.0589,92.0287,1916.2561,55.6403,9.6755,54452.8405
2022-09-05,95.4913,397.8479,87.5585,91.3359,1923.4045,55.4112,9.6341,52522.3795
2022-09-06,94.704,398.0461,86.7642,91.4487,1915.7598,56.1359,9.518,50329.2176
2022-09-07,93.0544,396.4405,84.4558,91.7287,1910.037,53.7726,9.395,49700.5078
2022-09-08,92.9819,394.3073,83.4186,90.7628,1912.2597,53.6561,9.5112,50135.4826
2022-09-09,92.7366,388.8095,83.4663,91.254,1914.8229,52.0136,9.6599,48116.7511
2022-09-12,92.8056,391.1136,83.0543,90.9211,1908.9332,53.1127,9.7143,47382.1171
2022-09-13,90.2856,394.0802,80.1809,91.4683,1915.7182,51.9747,9.6175,45219.5093
2022-09-14,90.9672,395.4691,80.7233,91.4274,1902.6678,51.905,9.5578,46227.0185
2022-09-15,93.0228,400.593,83.1819,92.0178,1947.4424,52.9372,9.5369,47287.2106
2022-09-16,92.5032,400.3703,82.4761,90.8666,1919.2075,53.0314,9.6212,46860.5588
2022-09-19,93.0919,404.1915,82.8479,90.8695,1939.969,51.7212,9.6402,48133.6733
2022-09-20,95.8409,407.7047,84.9005,90.6455,1942.078,52.8894,9.6914,48066.4858
2022-09-21,96.5967,407.8861,86.735,91.7706,1944.0797,53.6532,9.6034,49678.1127
2022-09-22,96.2124,406.7984,86.3454,91.3769,1957.1771,53.7106,9.6427,47685.2385
2022-09-23,98.8173,408.2623,90.4965,91.4269,1937.2314,54.1231,9.8051,47349.2429
2022-09-26,101.008,408.2779,90.7596,91.1862,1965.1333,55.6554,9.8042,46772.6602
2022-09-27,101.82,412.5187,90.9762,90.8209,1947.3566,55.8002,9.6855,46594.2498
2022-09-28,100.8581,398.0276,91.1316,90.5562,1931.8461,54.9387,9.6387,46111.2036
2022-09-29,100.9803,398.9799,93.8364,90.3247,1932.4138,54.3499,9.7198,45125.4542
2022-09-30,102.5923,396.7989,94.637,90.5404,1931.0313,56.1023,9.7365,44353.134
2022-10-03,102.0649,396.203,94.2015,90.6879,1932.1882,55.652,9.7848,44526.115
2022-10-04,99.5945,394.9804,91.6381,90.8334,1927.8804,56.1644,9.7074,44067.7845
2022-10-05,98.9746,397.7603,90.7347,89.9959,1908.3588,57.9798,9.6884,43284.3815
2022-10-06,100.0529,397.793,92.4783,89.9473,1916.0742,57.7121,9.708,42439.8389
2022-10-07,101.0023,397.4706,94.8814,90.1921,1925.2969,57.4903,9.6433,42026.9809
2022-10-10,100.641,394.061,95.3964,89.9577,1907.422,56.0174,9.5966,43228.4692
2022-10-11,102.0632,395.1236,97.1098,90.2314,1925.731,56.0395,9.8947,43742.0769
2022-10-12,102.5497,395.8329,97.7579,89.6508,1901.9819,56.898,9.8642,43129.5389
2022-10-13,104.0768,401.8702,99.4541,89.5997,1905.5915,56.7128,9.9866,43650.3643
2022-10-14,106.1102,408.5434,101.9847,89.1666,1892.5003,57.4189,9.8593,43935.3006
2022-10-17,105.3432,407.8898,102.2652,89.1595,1898.4661,60.1104,9.9407,47411.7692
2022-10-18,104.5549,412.485,102.0347,89.0263,1890.8223,59.2757,9.7784,47457.1116
2022-10-19,107.9756,412.195,105.6702,88.1371,1900.1535,59.6264,9.9564,47345.0188
2022-10-20,108.9404,424.1668,106.7623,88.4499,1930.8035,60.3562,9.9945,50428.3586
2022-10-21,108.2736,421.5197,106.0053,87.7014,1898.0462,59.761,9.9885,49720.4197
2022-10-24,109.7577,427.8195,108.749,88.1611,1903.1068,62.0838,10.0538,53022.9549
2022-10-25,108.8473,419.8863,107.1684,88.3726,1901.3505,61.4641,10.025,49903.07
2022-10-26,108.6372,421.7029,104.8849,88.2,1906.0795,60.5944,9.9833,51083.6743
2022-10-27,107.5563,426.0208,102.8607,88.1005,1911.0176,61.5573,9.8544,52580.505
2022-10-28,107.4177,432.817,101.7098,87.3627,1901.8873,62.4834,9.8544,53483.358
2022-10-31,102.4086,431.0983,97.491,87.5677,1879.5854,62.6175,9.5505,51892.204
2022-11-01,102.8451,432.266,97.7336,87.5211,1897.8634,61.6695,9.3849,53134.9529
2022-11-02,102.7736,432.3271,96.8365,87.4047,1892.5037,60.7479,9.2627,53238.0804
2022-11-03,103.9339,440.0024,97.0947,87.1531,1884.9967,61.6656,9.1943,56451.4323
2022-11-04,105.0815,440.0481,98.2331,86.8629,1867.5169,62.4713,9.1984,55696.5589
2022-11-07,104.8807,443.6642,97.8816,86.7849,1864.7141,64.4566,9.2016,58081.2588
2022-11-08,106.3999,446.6395,99.5263,87.1754,1876.9833,64.8556,9.4478,59994.686
2022-11-09,107.5212,445.369,100.7458,87.8973,1932.783,66.3978,9.5169,58372.9238
2022-11-10,105.9547,444.7427,98.0289,87.7018,1923.7249,67.8275,9.4366,57217.5626
2022-11-11,105.4809,448.2571,96.112,87.1815,1907.368,67.6582,9.4141,60824.0868
2022-11-14,104.3277,452.2842,95.253,87.6488,1925.9736,69.1111,9.4084,60442.0248
2022-11-15,105.1581,456.227,95.7494,87.2448,1937.9852,70.0411,9.4102,60055.5332
2022-11-16,104.9647,453.8833,95.7744,87.8802,1927.06,68.8813,9.2913,61849.2172
2022-11-17,104.9875,453.1096,94.615,87.8957,1934.3783,69.2707,9.2445,62604.8958
2022-11-18,105.2688,449.7228,93.1832,87.9184,1955.5197,65.9697,9.2038,61428.6149
2022-11-21,105.2802,448.8338,93.2996,88.0946,1945.857,66.367,8.8851,60937.8354
2022-11-22,104.9465,445.4119,91.1335,88.1195,1961.3589,65.2242,8.8378,59975.5482
2022-11-23,104.0125,452.4668,90.2895,86.7467,1938.879,66.8058,8.8,58874.5099
2022-11-24,104.41,460.9064,89.7909,87.1968,1945.7459,68.9955,8.8496,60190.2771
2022-11-25,103.4458,449.6169,88.4308,87.562,1943.0597,66.5711,8.8459,56184.713
2022-11-28,102.1589,447.7227,87.1575,86.9269,1940.0397,64.3257,8.8668,56231.0336
2022-11-29,100.8743,446.6043,85.8581,86.9378,1950.9024,63.6484,8.8781,53825.4618
2022-11-30,101.575,448.8184,86.4016,87.7772,1949.3617,61.9177,8.8532,52880.3475
2022-12-01,100.2491,451.7286,84.3964,87.8306,1942.3185,61.4499,8.6968,52989.8105
2022-12-02,100.0352,451.8297,85.1866,87.8331,1938.9721,60.9915,8.4836,51947.0085
2022-12-05,102.346,451.9939,85.486,87.9802,1948.6891,61.3123,8.4649,49957.1837
2022-12-06,105.5902,450.307,87.7599,88.2848,1957.4227,60.1076,8.5486,49470.5387
2022-12-07,107.3728,448.538,87.7851,88.0971,1957.3164,60.7279,8.6557,52197.7823
2022-12-08,107.6135,450.34,87.9975,88.1849,1974.0155,60.6289,8.7593,53590.184
2022-12-09,107.026,449.0385,87.6722,88.7319,1975.0151,60.223,8.6577,52521.8673
2022-12-12,108.5578,457.9035,88.3204,88.7621,1986.8339,61.6473,8.776,52776.0379
2022-12-13,108.8276,466.5211,88.6383,88.9656,1995.0999,62.2688,8.6832,53732.3808
2022-12-14,110.0808,459.7019,89.8057,88.5313,1975.6651,62.9395,8.7793,52557.6275
2022-12-15,108.9907,450.0401,86.7132,88.6827,1989.6838,61.5784,8.6708,51749.9843
2022-12-16,110.2416,457.457,88.2386,87.9918,1979.3599,61.0272,8.6425,50936.022
2022-12-19,107.9917,450.8663,86.0475,88.1786,1981.4247,60.1351,8.6428,50937.2761
2022-12-20,105.3634,449.5444,84.9245,88.3158,1974.5513,60.0109,8.7035,49408.7316
2022-12-21,104.6738,459.4071,82.2425,88.518,1978.5024,62.5049,8.6986,51058.9018
2022-12-22,102.2985,453.4017,81.7481,88.4023,1953.6816,62.289,8.4207,53767.2064
2022-12-23,100.9312,451.0582,80.8222,87.7906,1954.7323,61.0188,8.357,51385.4455
2022-12-26,99.939,450.6835,78.5861,87.7211,1939.2303,60.7665,8.5821,50926.7961
2022-12-27,101.2866,456.1922,79.701,87.4433,1919.1962,62.5307,8.6319,50464.8433
2022-12-28,100.4593,445.4245,78.6722,87.925,1917.327,64.1425,8.654,50677.1278
2022-12-29,102.6653,453.8591,81.5572,87.866,1926.4687,63.5547,8.6487,51740.6498
2022-12-30,100.0552,450.7028,79.2898,87.412,1883.8959,62.9466,8.5231,50636.8326
2023-01-02,99.4063,445.5629,78.8578,86.2128,1847.0607,62.208,8.4748,50518.3468
2023-01-03,98.7026,442.4568,77.7756,86.4289,1837.9981,61.5087,8.4222,48932.3427
2023-01-04,97.8503,437.1916,77.5125,86.4017,1834.2947,60.3443,8.3645,48646.9659
2023-01-05,101.7099,436.5639,80.1053,86.0385,1853.1439,61.5976,8.4915,48922.3212
2023-01-06,100.784,437.5326,79.2828,86.0449,1850.8764,61.4659,8.4657,49591.8501
2023-01-09,104.3691,440.8618,82.0799,85.7807,1852.9251,62.1921,8.6154,50653.1603
2023-01-10,102.3203,440.0265,80.0758,86.4739,1867.7115,62.0436,8.6054,53474.62
2023-01-11,102.8411,443.994,80.8257,86.5967,1884.0773,62.5165,8.6035,54693.468
2023-01-12,105.3959,447.6968,82.2089,86.0265,1869.3892,62.5883,8.6025,54281.1125
2023-01-13,105.2615,446.0751,81.2858,86.3715,1881.4107,61.2781,8.6288,54885.3238
2023-01-16,103.6923,442.0173,80.2763,86.8905,1883.5564,60.6922,8.5929,53681.5196
2023-01-17,104.3368,442.0694,79.899,87.0652,1867.9071,62.2248,8.7163,54706.3283
2023-01-18,102.7717,442.5621,78.107,87.9631,1884.4328,61.8818,8.5287,55970.5044
2023-01-19,101.1726,444.0348,77.9925,87.6765,1869.0929,62.2683,8.5245,56479.5715
2023-01-20,102.0975,442.5055,78.2376,88.054,1879.1953,60.8182,8.5024,56247.4538
2023-01-23,100.909,443.9928,76.5469,86.9737,1853.4903,60.9452,8.6011,59303.6028
2023-01-24,102.1856,439.9285,77.2798,87.179,1862.5365,60.5714,8.5601,59926.4695
2023-01-25,101.9727,437.1616,79.2343,87.66,1866.8522,60.9722,8.5738,59859.4035
2023-01-26,101.8852,440.7962,77.8006,87.7388,1896.6142,62.1217,8.6111,60147.6953
2023-01-27,103.7825,446.9471,79.1592,87.7437,1899.8325,63.3896,8.7288,60987.1528
2023-01-30,103.3276,446.427,79.6299,88.6808,1919.6348,63.6709,8.7397,60888.9722
2023-01-31,102.886,443.6693,78.5122,88.7098,1945.9355,64.9259,8.728,59312.0322
2023-02-01,103.0858,442.0993,77.4355,88.6503,1928.3916,64.5854,8.7492,58868.1416
2023-02-02,103.9669,443.2433,79.414,88.8168,1940.3685,66.0892,8.7528,59311.1469
2023-02-03,103.3816,448.0883,78.7521,87.5848,1930.7189,67.2925,8.799,59052.8597
2023-02-06,103.5818,443.3869,80.3817,87.4952,1903.6735,66.5323,8.6188,58272.5225
2023-02-07,104.603,445.7406,81.6508,87.4421,1894.8386,67.0921,8.6823,58096.8221
2023-02-08,106.1642,446.2264,82.4122,87.4092,1907.633,67.7689,8.7137,58481.9338
2023-02-09,106.975,440.5467,83.7772,87.4465,1920.4007,66.2456,8.6949,55720.1041
2023-02-10,108.1717,439.617,83.8739,87.6719,1927.5454,67.701,8.8552,57459.4679
2023-02-13,105.749,437.7232,82.0351,87.587,1924.249,70.6709,8.7917,56120.8362
2023-02-14,108.167,444.3814,84.9149,87.5746,1963.8323,70.7659,8.6909,55907.804
2023-02-15,108.7351,452.3359,84.1566,88.1929,1991.8998,71.1622,8.9291,58279.6766
2023-02-16,108.6605,454.7054,84.7553,88.1855,1975.9748,68.7081,8.8707,60667.7447
2023-02-17,108.7989,454.1906,84.3818,88.0952,1994.8747,68.6191,8.8045,60367.7347
2023-02-20,111.2203,455.6825,86.1169,87.1901,1972.1484,68.2123,9.032,64748.016
2023-02-21,112.3144,458.4242,85.7721,87.2473,1954.5228,69.0081,9.0687,64400.2616
2023-02-22,111.9741,452.7071,82.0782,87.7885,1957.8204,70.4641,9.2217,64440.9032
2023-02-23,114.0134,456.8681,82.5488,87.9246,1944.3173,67.5647,9.0779,65259.6981
2023-02-24,112.6772,452.6162,81.9124,88.0792,1973.2976,68.2119,9.0274,65828.9048
2023-02-27,114.6565,457.007,83.2586,88.541,1966.7631,69.5407,9.2839,66364.7429
2023-02-28,113.6108,456.4426,83.1613,88.6465,1949.2447,68.0273,9.3016,64926.0137
2023-03-01,114.5263,453.311,83.4246,89.3702,1960.2972,68.0074,9.316,69042.0721
2023-03-02,115.4295,454.0348,83.6759,87.9495,1929.5682,69.7863,9.2514,70349.4532
2023-03-03,117.9885,450.1656,85.4726,88.3709,1951.0522,71.5311,9.4019,67924.5452
2023-03-06,118.9481,451.6957,87.6948,87.9287,1927.7288,72.6774,9.5791,66916.9322
2023-03-07,119.1846,450.8979,85.6559,88.1162,1911.9513,74.9072,9.6345,64935.9491
2023-03-08,119.0642,450.6595,87.1852,87.7187,1903.9918,73.9068,9.6057,63897.968
2023-03-09,118.8243,440.2434,86.6112,88.1,1918.4773,76.2486,9.7572,62455.7705
2023-03-10,119.5639,452.4768,87.7483,88.0045,1924.9669,77.2956,9.6896,66574.0579
2023-03-13,119.1218,447.473,87.0336,88.3057,1954.8419,75.8788,10.0181,63166.3347
2023-03-14,121.2496,450.7156,88.5762,88.3736,1961.806,75.7497,10.1068,63640.2127
2023-03-15,119.6915,456.2656,86.1761,88.9507,1969.065,75.9814,9.9788,66050.3637
2023-03-16,120.8726,453.7124,89.0846,88.2402,1957.0221,75.247,9.9807,68501.6495
2023-03-17,121.6024,460.8474,92.7286,87.7659,1952.8611,77.398,9.6966,72175.24
2023-03-20,122.7852,465.2146,92.9852,88.1914,1967.8592,77.6827,9.7498,73979.6638
2023-03-21,122.4527,462.5029,93.5889,88.4209,1977.689,77.5406,9.8353,69522.5602
2023-03-22,125.4559,469.0705,95.0654,88.2483,1974.2568,79.0049,10.0437,70559.7099
2023-03-23,128.2582,473.633,97.9022,88.3144,1980.5115,80.5982,10.1881,75556.7447
2023-03-24,128.8979,469.1795,97.4884,88.4817,1996.1596,78.3792,10.1213,75109.5656
2023-03-27,129.2662,465.6252,98.4282,87.5737,1974.8574,76.2995,10.1074,72316.5546
2023-03-28,126.1532,465.9312,96.7587,87.7753,1960.0971,76.4931,9.9268,72904.1066
2023-03-29,129.4168,470.2404,100.6662,87.3334,1973.8241,76.2584,10.1232,74354.4435
2023-03-30,129.2255,470.5547,101.0718,87.0069,1976.6404,76.7406,9.9484,75732.1388
2023-03-31,127.5356,469.1284,101.1731,87.0542,1966.6999,76.5473,9.8945,76891.703
2023-04-03,128.3524,473.6987,101.6981,86.6317,1954.2777,76.9276,9.9634,76450.6944
2023-04-04,127.3527,473.2734,99.8492,87.0365,1978.7035,78.1605,10.3015,74260.4607
2023-04-05,128.5775,465.2428,97.4454,88.1459,1995.4654,79.5664,10.4258,73938.8745
2023-04-06,130.3099,459.9639,97.3052,87.9868,2003.2283,79.1864,10.6012,75514.7305
2023-04-07,131.2753,463.6676,97.8405,88.649,1993.7559,81.2239,10.5461,73433.3369
2023-04-10,136.2822,474.148,101.3343,88.0152,1990.7013,80.2157,10.4683,73289.5973
2023-04-11,137.3605,478.6909,101.9864,87.8214,2002.8121,78.6243,10.4644,79795.9245
2023-04-12,137.1131,479.4877,101.3541,87.2738,1968.4957,78.0605,10.3798,75999.9257
2023-04-13,141.8776,482.6582,105.422,87.4761,2006.9535,77.7857,10.4988,74271.5145
2023-04-14,144.1786,484.5809,107.2555,87.3823,2026.9028,78.0553,10.4662,74986.9652
2023-04-17,145.9494,481.9365,113.4782,87.2724,2037.0165,75.7614,10.4359,75628.6144
2023-04-18,146.7726,479.9961,113.1423,87.173,2040.864,75.1957,10.5246,75493.8569
2023-04-19,146.902,479.7115,113.1304,86.7338,2027.4219,74.5619,10.4046,73942.5655
2023-04-20,146.6477,476.2518,113.1933,86.2305,2056.9846,75.3018,10.5376,76889.5972
2023-04-21,146.1795,484.3134,114.6577,86.0421,2065.1718,72.1023,10.5537,75438.7566
2023-04-24,143.5256,484.538,111.9226,86.1439,2057.6937,71.522,10.6296,77002.7575
2023-04-25,141.2091,478.3946,111.746,86.4591,2055.6255,70.8548,10.4192,72640.2338
2023-04-26,141.9825,483.3713,112.4894,87.1662,2066.5025,72.2169,10.4431,67587.2398
2023-04-27,140.6227,478.8882,112.5013,86.2955,2064.123,71.909,10.3219,67450.6077
2023-04-28,140.3583,480.6123,113.0441,87.3272,2114.4784,72.488,10.4911,65072.0454
2023-05-01,140.4662,481.7732,115.6638,87.1445,2108.1652,73.6322,10.5887,65748.0014
2023-05-02,142.1357,486.2931,117.3969,86.9747,2112.8769,74.7432,10.7374,66939.2654
2023-05-03,144.8104,488.9141,118.8334,87.6546,2150.8262,77.1787,10.6374,70433.1613
2023-05-04,145.8815,492.1229,119.0441,87.8245,2124.4647,78.2819,10.7758,70939.2232
2023-05-05,144.6808,493.9098,117.8031,89.004,2113.8191,79.1645,10.5068,69105.4673
2023-05-08,144.0596,494.5627,117.5808,89.2849,2122.2656,77.5059,10.6644,70053.8932
2023-05-09,144.532,497.4212,117.0847,89.715,2144.839,76.5342,10.6593,73281.5483
2023-05-10,142.7029,507.1494,116.3114,90.2394,2137.7799,75.7765,10.5683,75903.658
2023-05-11,138.3174,504.8746,112.8307,90.6502,2129.673,74.1535,10.6342,73380.2991
2023-05-12,141.0771,502.1746,116.0288,89.6278,2134.1144,76.0658,10.8323,73603.3944
2023-05-15,142.5275,503.337,116.2988,89.0637,2127.4989,74.8711,10.9903,69016.4281
2023-05-16,142.6892,501.4514,116.1914,88.9471,2153.1245,73.5128,10.8839,73968.1573
2023-05-17,143.0271,502.6054,117.214,89.4606,2201.6191,73.0915,11.1639,79726.9635
2023-05-18,143.0698,510.1598,116.1756,88.9331,2199.0997,75.2521,11.1668,81586.9637
2023-05-19,140.9829,506.7232,115.2708,89.7597,2224.9513,74.9674,11.1331,81357.1865
2023-05-22,140.3059,510.7806,117.0831,90.4711,2200.9656,75.1442,11.1705,80873.9798
2023-05-23,141.072,514.172,117.6312,90.1945,2203.9664,75.7649,11.1485,80805.0034
2023-05-24,141.2088,513.0647,117.6523,90.4672,2222.7679,76.6631,11.1985,75420.3323
2023-05-25,145.1321,516.2946,121.7353,90.5256,2218.6586,77.1093,11.3129,78846.9665
2023-05-26,145.5871,519.3106,125.3732,89.343,2185.0932,76.9995,11.3409,81340.4095
2023-05-29,143.1692,520.9947,124.9729,89.3687,2163.7071,76.6261,11.3397,80483.0641
2023-05-30,142.9199,520.966,123.129,88.9279,2184.2086,79.1511,11.4818,84000.0568
2023-05-31,137.666,520.3272,118.0941,88.794,2173.5469,78.9924,11.3957,83094.3077
2023-06-01,137.2375,522.5598,117.5152,88.8135,2181.8053,79.4715,11.3476,87013.7819
2023-06-02,139.4264,526.1749,119.9255,89.0547,2166.7918,79.7673,11.3252,84002.5112
2023-06-05,143.9886,525.0005,124.5637,89.0128,2175.764,80.3785,11.4894,85388.8389
2023-06-06,142.13,522.5038,123.9479,89.3135,2166.2926,82.372,11.4018,85211.7817
2023-06-07,142.2379,524.0804,122.9413,89.2035,2159.7352,83.0791,11.3694,86776.6959
2023-06-08,140.8734,524.674,122.0802,88.7382,2170.0241,84.428,11.2227,82810.916
2023-06-09,141.6897,520.9951,123.2179,88.9592,2151.3402,89.1265,11.0685,83784.3867
2023-06-12,142.67,526.3104,120.4299,89.1255,2143.965,89.7541,10.9242,86525.9487
2023-06-13,141.0176,514.5463,120.6752,89.3811,2155.928,90.4105,10.844,84135.7577
2023-06-14,142.6102,518.8458,122.2637,89.1766,2138.7271,89.7817,10.8846,83356.4338
2023-06-15,145.2836,522.7884,124.9303,89.4125,2137.5254,90.497,10.9501,84636.6641
2023-06-16,146.4318,524.8866,125.5454,88.9596,2142.3606,89.5894,11.1206,87652.4313
2023-06-19,149.6241,530.9386,129.9422,89.1512,2134.9953,90.1168,11.1247,91543.876
2023-06-20,153.2803,534.1333,132.4487,88.9363,2148.0482,90.3907,11.1299,91399.3146
2023-06-21,150.8334,528.1335,130.5313,88.9384,2143.7456,92.132,11.0617,90578.8808
2023-06-22,148.6694,529.9919,130.4364,89.0023,2153.3837,91.0051,11.0336,90918.4292
2023-06-23,149.8902,537.6351,132.1978,89.5232,2178.1121,90.9933,11.0958,86247.3817
2023-06-26,148.8433,529.7346,128.9967,89.4959,2170.4546,91.5074,11.1182,87748.5553
2023-06-27,148.1214,522.1592,130.4655,90.3336,2192.6705,89.8246,11.1679,84403.8042
2023-06-28,150.7088,519.8125,131.9681,90.1882,2206.2113,89.2494,11.3631,84713.8021
2023-06-29,152.7018,525.8823,131.1969,89.7834,2185.171,91.7164,11.4753,88353.015
2023-06-30,150.6593,527.6505,125.2095,89.8586,2174.3158,92.1241,11.4852,86294.5015
2023-07-03,150.7095,526.848,125.5666,89.7256,2171.259,92.5308,11.4467,86560.5146
2023-07-04,151.0194,527.434,125.1138,89.4542,2159.934,90.5797,11.377,86149.5655
2023-07-05,151.9916,531.5448,126.6525,89.4068,2131.1218,94.6456,11.3048,85569.1468
2023-07-06,152.2841,531.2627,127.0843,89.4413,2155.1067,95.54,11.369,86331.0999
2023-07-07,152.3028,521.9284,127.0945,89.8652,2177.7963,93.8173,11.4353,83368.1154
2023-07-10,155.4411,523.0145,130.0458,89.8525,2180.1564,96.372,11.4846,82064.3731
2023-07-11,152.232,523.142,129.0388,90.3094,2160.6411,95.247,11.2389,78906.2562
2023-07-12,154.8717,525.7573,130.6804,90.3538,2195.7511,96.6543,11.2708,80142.4295
2023-07-13,154.8158,527.1548,130.1589,89.8656,2175.184,98.188,11.2926,88241.1835
2023-07-14,155.4375,532.6271,131.632,90.1064,2182.603,100.2087,11.1953,88813.4245
2023-07-17,154.9564,533.6444,130.5877,90.3531,2155.6146,98.4336,11.1973,89894.8704
2023-07-18,154.6161,544.5445,129.1919,89.8429,2132.8988,100.5774,11.0806,87506.7862
2023-07-19,152.6487,544.0014,128.5848,89.9755,2124.6705,101.0657,10.8999,91843.8271
2023-07-20,149.8144,544.9105,127.3883,90.0573,2096.909,99.9789,10.7388,88806.6722
2023-07-21,149.1104,541.3304,130.1041,90.2487,2046.9807,97.1799,10.6265,87560.4903
2023-07-24,149.7481,536.2246,129.877,90.3456,2054.0025,97.0632,10.6205,83118.6249
2023-07-25,153.2182,533.1155,131.6052,90.5914,2026.1158,98.0915,10.7414,83956.6576
2023-07-26,153.9521,532.9912,132.187,90.0634,2023.9784,96.8084,10.7258,85311.5406
2023-07-27,152.8572,529.9157,133.1966,90.7799,2072.9727,98.4584,10.6362,83162.6439
2023-07-28,151.4302,538.9775,130.9162,90.9437,2071.6326,99.3417,10.6065,80558.3742
2023-07-31,151.3606,536.4556,130.72,91.1226,2085.7104,100.3391,10.6088,76492.9749
2023-08-01,152.3062,539.7232,131.6272,90.8378,2089.1147,101.2145,10.6495,76663.1618
2023-08-02,151.8934,550.8196,131.2416,90.8541,2084.8475,102.5455,10.7377,78397.0213
2023-08-03,152.8188,562.3189,134.9617,91.0064,2100.458,101.8631,10.7101,80660.8001
2023-08-04,160.0538,569.3575,138.5222,89.9939,2100.8481,103.4459,10.839,83669.5894
2023-08-07,162.8077,568.8193,140.0964,89.5922,2087.9535,104.4329,10.781,83387.0556
2023-08-08,164.8941,576.7086,141.6387,89.3129,2081.1084,106.2363,11.0993,86142.7495
2023-08-09,165.5744,580.5254,144.4365,88.9652,2063.6421,104.4825,11.1498,86447.103
2023-08-10,165.2041,591.4191,143.6,89.1634,2071.569,107.3525,11.159,88150.5664
2023-08-11,166.45,595.2286,143.7575,88.971,2090.8518,107.355,11.093,88043.1547
2023-08-14,170.0787,591.7656,145.6528,89.2753,2144.6874,108.7389,11.3138,89923.595
2023-08-15,167.8769,590.4882,144.3123,89.0587,2151.1204,110.7635,11.2965,99858.5545
2023-08-16,167.6285,597.8288,144.7159,89.32,2143.7064,112.5348,11.0503,96555.8398
2023-08-17,173.0558,608.9737,150.8174,88.7336,2133.1668,113.8432,11.0932,97135.1274
2023-08-18,174.6623,615.3228,153.0666,89.1116,2162.1999,114.5459,11.0252,98632.8111
2023-08-21,171.1674,613.3385,150.4022,89.6827,2181.8296,115.3069,10.8155,102165.4233
2023-08-22,172.9131,613.7262,149.6861,89.4784,2135.7519,116.078,10.7556,99876.7931
2023-08-23,173.2007,612.859,150.4384,89.5608,2125.4418,117.5456,10.978,101207.1826
2023-08-24,172.3847,613.3121,149.4103,89.9681,2125.1105,114.5559,10.92,100371.9282
2023-08-25,170.7322,610.6069,144.4653,89.6673,2139.4951,114.6582,11.0951,103861.641
2023-08-28,166.4361,614.144,141.6339,89.2686,2139.2871,112.8557,11.0626,106601.7424
2023-08-29,165.4485,610.365,139.9387,89.7546,2135.1158,113.0495,10.9657,102617.4592
2023-08-30,169.5794,618.1715,141.8516,89.6199,2118.1216,112.5914,10.9803,105216.1976
2023-08-31,171.3035,628.6812,143.8102,89.4456,2120.6907,111.7311,10.8363,108843.7749
2023-09-01,172.4175,629.1994,144.9658,89.4089,2141.06,113.1432,10.9781,111457.863
2023-09-04,171.1637,636.3154,144.1337,89.7837,2164.3465,113.2776,10.9507,116929.6149
2023-09-05,171.8845,636.3944,145.7031,89.7355,2162.4629,115.0409,10.8616,118627.8954
2023-09-06,173.4028,621.855,145.8974,90.3548,2176.3095,115.0484,10.8655,118140.6627
2023-09-07,173.3282,623.6561,146.138,90.6648,2166.0992,116.1274,10.7115,121406.6094
2023-09-08,173.2626,621.6653,145.6936,90.2106,2179.2519,116.8938,10.7157,121448.4904
2023-09-11,175.5647,626.2441,145.5846,90.4071,2152.3025,116.9492,10.7788,121728.3239
2023-09-12,176.1509,621.2687,147.2447,90.4792,2097.5245,115.9107,11.1549,118859.4505
2023-09-13,177.74,620.5105,148.642,90.7891,2096.0696,116.0704,11.1952,116199.1839
2023-09-14,177.1264,623.7548,147.4247,90.6099,2092.2734,118.8382,11.2651,119314.361
2023-09-15,176.5876,616.4454,146.5068,89.7582,2078.9486,120.0594,11.3845,118813.7743
2023-09-18,180.1071,613.5644,149.3057,89.8184,2069.4612,122.2115,11.6719,119866.0662
2023-09-19,182.9072,609.7155,151.8552,90.0885,2092.8201,120.6744,12.0114,117846.9661
2023-09-20,183.1569,602.1236,152.03,90.503,2112.9156,117.9941,11.706,113219.5421
2023-09-21,183.4595,603.6968,153.6856,90.6786,2126.9523,119.0998,11.8866,110318.5757
2023-09-22,183.9218,590.9478,150.7811,90.4996,2138.9894,118.3847,11.7201,110084.9704
2023-09-25,189.6961,592.5414,155.8115,89.961,2135.5341,116.4644,11.8988,111049.8279
2023-09-26,190.9331,592.4824,156.8499,90.0282,2153.3718,119.9143,11.9998,108015.2395
2023-09-27,190.065,593.937,157.0455,89.282,2130.4813,119.8033,11.9397,110195.6052
2023-09-28,190.4487,596.4291,157.557,88.4118,2111.8175,119.585,11.9151,114421.562
2023-09-29,190.6298,589.9854,159.9374,88.0289,2121.48,121.508,12.0475,111252.1363
2023-10-02,189.8619,583.7848,158.6975,88.3287,2105.6881,120.7311,12.0205,109288.5417
2023-10-03,190.5458,587.2556,162.654,88.3972,2095.0642,123.1674,12.089,111026.5277
2023-10-04,185.9196,583.5908,161.5329,89.0224,2117.1596,124.6052,12.2076,112909.3672
2023-10-05,187.0604,590.4726,159.1037,90.0966,2126.4161,125.1046,12.1342,117388.3626
2023-10-06,188.675,594.2475,154.6255,89.135,2098.1814,124.9604,12.1879,115548.7619
2023-10-09,187.2348,586.6742,157.4073,90.1498,2102.4057,124.8521,12.1511,105154.8923
2023-10-10,186.1314,584.5417,154.8307,90.2883,2095.7732,125.1879,12.4025,112379.4364
2023-10-11,186.73,586.388,156.7498,90.5035,2061.4199,125.2776,12.3832,109123.8378
2023-10-12,186.9704,583.5213,157.1178,90.8247,2069.5892,126.4517,12.3714,103300.9877
2023-10-13,186.2812,582.0838,156.9142,91.5103,2066.3079,127.6483,12.3722,104017.1181
2023-10-16,189.9253,583.4144,159.5855,91.2947,2065.8054,127.0736,12.4353,106259.6741
2023-10-17,191.4035,576.2831,159.476,91.7947,2058.6779,121.7104,12.399,101456.8727
2023-10-18,189.5221,576.1809,157.4407,92.0061,2076.6642,122.7044,12.5329,101693.0506
2023-10-19,190.5104,571.4525,158.6097,92.5228,2083.8134,124.546,12.5745,102796.1573
2023-10-20,193.2399,562.4432,160.7058,92.3256,2069.4889,124.2507,12.2943,98788.6173
2023-10-23,194.8251,558.3833,161.9499,92.7364,2036.1123,124.7992,12.3277,97922.667
2023-10-24,195.3577,551.6979,160.633,92.3133,2016.6929,125.7004,12.3635,92003.9483
2023-10-25,196.3202,552.674,160.119,92.0038,2003.9815,126.5968,12.3415,92151.1256
2023-10-26,199.1856,554.9369,161.9643,92.4951,2034.0977,128.686,12.6893,94873.7803
2023-10-27,198.1963,554.7193,161.2364,92.6758,2010.7774,124.8891,12.6474,92476.1642
2023-10-30,200.588,555.1181,161.6612,92.5934,2003.2122,125.5804,12.8097,91259.0701
2023-10-31,200.2207,544.6195,161.8227,92.9251,1984.2844,123.5358,12.9661,89980.0587
2023-11-01,203.5876,550.0499,165.7809,92.9293,2039.2453,125.4025,13.1787,90578.7333
2023-11-02,204.8818,566.0254,167.8896,92.7566,2060.4413,127.821,13.2594,93665.3691
2023-11-03,204.9108,557.8363,170.6276,92.881,2059.866,125.2128,13.2022,91445.8166
2023-11-06,202.9254,548.7849,166.8055,92.4469,2020.7551,123.9314,13.086,89533.4329
2023-11-07,205.3455,548.9966,166.6593,92.5983,2017.0208,123.1171,13.1985,85034.6869
2023-11-08,213.8223,553.6359,173.3334,93.0684,2034.6568,121.6985,13.2798,87861.4307
2023-11-09,218.7193,557.5577,175.5847,93.2711,2043.7532,124.148,13.3317,91934.7152
2023-11-10,219.8111,564.3537,178.2189,93.0295,2060.4212,123.567,13.5677,90981.4286
2023-11-13,216.0596,554.0512,173.3951,93.5492,2047.651,125.1707,13.4978,89243.1482
2023-11-14,216.2335,549.9916,172.0896,94.4803,2060.0607,119.7203,13.5483,92753.4465
2023-11-15,213.915,546.0186,169.6776,95.0226,2063.6707,118.0218,13.6024,97037.1595
2023-11-16,214.4572,544.4675,172.2932,95.0828,2105.8913,122.3143,13.9098,93114.9621
2023-11-17,216.6668,544.0079,173.6149,94.7897,2111.1911,123.5133,13.9844,91430.3901
2023-11-20,219.1691,542.4894,174.3498,95.1583,2133.8808,124.0656,14.031,90936.5483
2023-11-21,222.5843,548.3627,179.0979,94.7432,2131.3926,127.0864,14.2384,91426.1582
2023-11-22,222.1546,543.3498,177.7133,94.8808,2103.1512,123.4556,14.2185,93625.3909
2023-11-23,218.346,541.1391,173.7054,94.9506,2113.9933,122.7218,14.0214,94118.4764
2023-11-24,217.0295,540.6504,173.8563,95.485,2135.1582,119.8899,14.2266,95102.9252
2023-11-27,213.9151,541.416,171.479,95.6033,2185.0131,122.9277,14.2747,94340.6632
2023-11-28,213.9665,540.7726,170.798,95.8454,2214.7758,120.6337,14.3665,96471.5226
2023-11-29,213.9412,533.0906,169.7099,96.7101,2214.7947,121.9578,14.3321,94173.1412
2023-11-30,211.6356,531.7112,167.1742,96.9097,2217.3372,120.8893,15.0447,96892.213
2023-12-01,209.4206,528.6193,170.4062,96.1472,2210.827,120.9288,15.1663,98717.5568
2023-12-04,207.5418,531.1615,171.0023,96.599,2175.1973,120.0307,14.9622,97026.7152
2023-12-05,198.3408,536.369,159.5934,97.1878,2172.0439,120.4469,14.6336,95380.9433
2023-12-06,194.814,533.1891,156.3678,98.2744,2171.4434,120.0045,14.4479,93912.2153
2023-12-07,198.3599,534.0486,160.4752,97.7069,2167.483,116.4538,14.3246,93160.1579
2023-12-08,197.9154,530.3492,160.4445,97.0144,2180.2362,117.9879,13.9742,93499.168
2023-12-11,201.5195,532.0635,164.4042,96.9376,2130.2184,121.103,13.9457,94893.0112
2023-12-12,200.5085,531.3405,162.2271,96.5662,2142.4519,119.1402,13.8679,98643.5007
2023-12-13,201.1829,530.3852,161.6203,96.2131,2134.4746,120.8644,13.9609,96821.0112
2023-12-14,201.5422,523.42,163.1656,96.8186,2127.3091,116.5904,14.0754,90977.3571
2023-12-15,205.5403,530.3313,163.7635,96.7785,2146.266,116.3266,14.2204,92935.9608
2023-12-18,202.8874,529.4925,160.6916,96.8152,2126.0391,115.6408,14.3081,93895.2942
2023-12-19,200.7635,526.8527,159.4062,97.0584,2142.5416,114.9238,14.2914,97372.0379
2023-12-20,201.7347,526.4178,160.0336,96.6607,2153.4699,114.104,14.2687,99718.6996
2023-12-21,204.9214,526.2174,164.6815,96.7489,2159.7999,114.3917,14.5649,100341.1715
2023-12-22,204.3747,524.4746,162.5768,96.9794,2174.6403,114.2252,14.5576,95133.5339
2023-12-25,208.2037,527.3753,167.8668,96.4041,2160.0987,114.1656,14.3036,99254.9287
2023-12-26,206.9756,524.11,170.4828,97.3617,2172.0018,111.8889,14.3812,92136.5721
2023-12-27,204.6054,526.5868,165.8085,97.4106,2155.1774,111.3966,14.2692,95620.4764
2023-12-28,206.0922,527.4515,166.3571,97.1647,2180.7626,112.3162,14.3773,94555.8919
2023-12-29,202.4495,518.9849,164.0484,97.5402,2160.8672,111.3909,14.1253,94976.3094
2024-01-01,203.4062,522.3575,163.8887,97.116,2160.9078,110.3672,14.1468,93689.5236
2024-01-02,203.1415,522.5373,164.4087,96.7288,2148.8929,111.3171,14.1593,90887.7961
2024-01-03,205.633,523.7948,167.7395,96.8375,2175.3758,110.5682,14.0999,90342.352
2024-01-04,207.7152,528.9905,166.8966,96.7981,2168.6556,111.591,14.029,91047.6887
2024-01-05,205.5081,538.4509,168.2774,96.3944,2155.8393,114.4082,13.9395,92302.6282
2024-01-08,206.1778,535.903,165.8182,95.5716,2154.7836,114.8485,13.9911,96969.7361
2024-01-09,204.5816,533.5303,164.4255,95.672,2154.2668,113.742,13.9707,96430.751
2024-01-10,208.0191,530.123,165.8072,95.4611,2129.8338,112.0563,14.1904,97037.4711
2024-01-11,212.8693,535.6139,170.7427,95.7237,2118.1892,112.9024,14.3079,97098.3289
2024-01-12,214.13,540.073,173.0684,96.1923,2169.4945,113.2882,14.2,98538.5348
2024-01-15,209.9383,535.6101,168.3912,96.2432,2160.2644,111.6782,14.178,98742.5113
2024-01-16,210.9659,544.337,169.7596,95.2788,2128.7954,113.0936,14.0928,101740.5199
2024-01-17,213.078,544.6504,170.6487,95.6165,2126.6203,110.662,14.0828,102037.1288
2024-01-18,209.8008,543.2859,170.5745,96.1271,2140.8699,111.1113,13.8801,99284.5188
2024-01-19,209.2565,541.1544,170.9385,96.087,2132.5745,110.163,13.77,95883.617
2024-01-22,212.4411,545.8752,174.6652,96.1063,2159.7859,114.6109,13.8307,95532.599
2024-01-23,213.1562,548.8113,176.8544,96.3396,2160.6636,112.7611,13.8324,97947.7687
2024-01-24,212.6222,546.0012,177.478,96.0201,2200.4406,110.7529,13.8763,98794.2732
2024-01-25,210.8068,545.4854,176.2264,95.4859,2206.6093,113.4256,13.8621,100064.198
2024-01-26,209.4534,529.6073,171.9229,95.718,2214.2972,112.0142,13.7536,94015.9853
2024-01-29,216.3792,529.4796,177.634,95.3485,2224.4285,113.4833,13.6742,93930.4837
2024-01-30,215.767,530.851,178.4806,95.9457,2225.3093,112.6099,13.6634,94086.883
2024-01-31,213.4733,525.4281,176.3679,95.7467,2209.2731,112.6511,13.5527,89535.2106
2024-02-01,219.0313,534.2268,185.3785,95.206,2191.9882,113.7415,13.7287,91919.9832
2024-02-02,216.2694,535.2674,181.3223,95.4036,2221.4932,112.6766,13.8325,93288.1943
2024-02-05,212.5421,542.8428,175.6979,95.5211,2215.3687,113.0669,13.7824,94902.5892
2024-02-06,207.4438,543.908,170.0198,95.8239,2214.8809,113.4499,13.781,96818.3411
2024-02-07,207.2015,548.605,172.667,95.336,2222.0054,113.7092,13.9453,92463.8736
2024-02-08,205.2935,540.7022,172.7047,96.1419,2252.779,117.2743,14.1675,92204.3725
2024-02-09,211.3577,547.0606,177.0519,95.7923,2286.0489,121.3838,14.3596,93832.2059
2024-02-12,213.2409,557.2074,178.0187,95.5106,2267.6438,121.9342,13.9928,97471.2138
2024-02-13,214.6542,555.2097,178.5924,96.0746,2280.2077,119.2803,14.133,91237.5499
2024-02-14,209.4818,557.0942,173.1107,96.0561,2269.9854,122.3773,14.1316,91632.4579
2024-02-15,209.3268,557.1529,168.1652,95.6873,2275.4758,120.936,14.1185,94863.0765
2024-02-16,212.7541,568.313,174.5134,95.386,2266.8521,119.0569,14.1979,91708.3421
2024-02-19,212.2672,572.0346,172.5927,94.9439,2255.8101,118.6909,14.1072,94787.3198
2024-02-20,206.5871,570.9454,170.0808,94.5809,2239.2165,117.623,14.0641,95340.0063
2024-02-21,207.3264,572.5559,172.8849,94.1434,2238.3639,120.9485,13.9821,100457.8394
2024-02-22,207.8108,586.6806,173.2901,94.0713,2238.101,122.1786,14.041,102496.7809
2024-02-23,213.0918,595.8542,177.6998,93.5526,2235.0398,123.0349,14.2232,109498.8962
2024-02-26,212.281,594.3215,181.59,92.7142,2215.0823,125.8469,14.2616,118199.5734
2024-02-27,212.7461,594.7017,182.5009,92.949,2157.6956,125.8922,14.1986,116433.7861
2024-02-28,213.1275,595.4213,180.2909,92.7009,2157.6595,127.1295,14.1328,117306.4878
2024-02-29,207.8188,590.1375,177.3703,92.1924,2140.5251,125.0294,14.1848,111899.4827
2024-03-01,208.5592,592.7995,181.5934,92.2812,2136.6598,129.3717,14.151,112697.8002
2024-03-04,209.0935,594.4964,182.6925,92.5136,2139.3204,128.8589,14.4411,111867.3651
2024-03-05,201.9833,589.6019,179.2623,92.5755,2113.3604,127.8066,14.4252,111345.4471
2024-03-06,205.5135,594.5098,181.7857,92.5982,2118.4391,124.2653,14.4654,110875.2104
2024-03-07,206.1089,596.4989,182.0189,92.6026,2098.9768,123.7177,14.6108,111729.3002
2024-03-08,201.8791,593.77,175.5198,92.971,2115.6395,123.4486,14.3462,112206.4483
2024-03-11,203.5821,606.1755,176.343,92.7424,2110.0137,124.2592,14.2825,120744.2276
2024-03-12,204.4389,605.1648,177.6006,92.9177,2118.1599,124.2186,13.8338,119400.5554
2024-03-13,206.3806,605.2587,178.9074,92.7759,2123.4973,125.7043,13.8595,112461.7151
2024-03-14,204.9411,605.1313,176.5903,91.4069,2113.6491,128.4806,13.8152,108380.3123
2024-03-15,205.66,608.9679,179.5532,91.1805,2101.2329,130.1024,13.8552,109335.319
2024-03-18,209.3938,610.7612,181.2865,90.9679,2110.013,130.0433,13.9091,110598.2959
2024-03-19,209.793,603.8762,179.1537,89.2719,2068.4621,130.4185,14.0394,112080.7037
2024-03-20,216.4232,612.4248,186.6753,89.3544,2124.29,130.6558,14.0932,114236.7365
2024-03-21,211.8073,616.9375,182.565,89.8535,2136.7354,132.3867,14.1266,115998.0096
2024-03-22,214.091,620.9853,183.2771,89.5158,2148.9723,133.6126,13.8946,124099.1598
2024-03-25,219.9548,617.0459,188.1043,90.3536,2179.949,133.3714,14.2411,121070.7457
2024-03-26,217.0744,613.9533,183.8587,89.8885,2166.7545,133.0104,14.2366,127483.1846
2024-03-27,217.7831,621.4027,185.8141,89.5672,2186.7024,133.6209,14.1897,127625.5158
2024-03-28,216.7996,620.3822,185.0331,89.4413,2180.1197,135.3966,14.0459,129106.4523
2024-03-29,214.223,614.846,183.3752,89.8967,2154.7513,129.4334,13.8592,123411.8743
2024-04-01,214.7688,615.7464,187.4704,89.9113,2145.5104,129.3256,14.1877,127489.7242
2024-04-02,214.6282,614.3148,187.431,89.9428,2178.3212,134.3494,14.2061,131286.0833
2024-04-03,213.0799,615.9832,189.7635,90.2937,2172.6966,132.6067,14.2634,128788.8509
2024-04-04,213.4155,615.0472,187.9569,89.8639,2168.2381,140.5293,14.4231,122331.2922
2024-04-05,213.1904,619.018,189.3045,90.2347,2185.3935,144.4539,14.4378,119485.6394
2024-04-08,214.0931,629.3963,187.8844,89.7781,2172.019,146.99,14.5259,122236.1903
2024-04-09,212.7693,628.6204,186.5288,89.593,2165.7085,146.5689,14.3552,126058.5663
2024-04-10,218.582,635.2088,192.5714,89.7912,2175.6876,147.0904,14.5311,127898.6793
2024-04-11,217.3986,636.5518,190.1767,89.7067,2185.5992,144.2275,14.5256,130545.9388
2024-04-12,216.6055,649.0874,187.2944,89.0859,2166.3028,142.7114,14.4218,133003.1589
2024-04-15,219.8796,644.3954,188.6047,88.8941,2188.6532,144.5248,14.4948,133285.1202
2024-04-16,220.926,640.7738,182.8752,89.7526,2224.4762,144.7073,14.403,132730.2502
2024-04-17,221.5438,642.1936,183.276,89.3033,2234.9764,140.8459,14.0398,136483.768
2024-04-18,224.1824,645.5528,186.6792,89.5106,2240.2091,142.4787,14.0184,137322.4456
2024-04-19,221.5158,642.9784,186.0993,89.3809,2258.0546,144.3765,14.1458,134927.5369
2024-04-22,226.4928,637.9041,192.5348,89.5799,2262.8128,148.8199,14.2057,131952.6845
2024-04-23,228.2856,639.0498,196.592,89.4814,2274.4969,153.5536,14.227,130306.1422
2024-04-24,230.0388,645.4928,194.5745,89.1804,2272.0028,152.8594,14.3011,126627.0868
2024-04-25,231.7017,640.0786,193.2401,88.8645,2265.0163,152.6482,14.4681,126224.7277
2024-04-26,225.8894,636.7143,191.6715,88.5658,2269.9269,153.8639,14.4339,125132.6965
2024-04-29,227.051,637.6108,195.1345,88.9583,2274.8817,149.8919,14.5356,123910.6444
2024-04-30,224.9291,629.8652,194.9942,89.1821,2256.6051,148.3266,14.5362,120690.3125
2024-05-01,221.371,630.8588,194.9055,89.3787,2257.4764,162.5075,14.6079,120834.6864
2024-05-02,225.1957,633.2547,197.4752,89.3225,2265.4378,162.9516,14.6891,123869.0291
2024-05-03,227.382,631.401,198.0194,90.1019,2239.2253,158.6886,14.7608,129952.0975
2024-05-06,227.8587,629.8484,200.2843,90.1108,2238.1823,156.5844,14.9676,126608.9085
2024-05-07,231.3879,629.0702,200.2869,89.9353,2288.7857,158.4215,15.0145,131158.311
2024-05-08,238.4567,630.1584,204.031,89.6188,2242.8555,160.0185,14.9331,134723.2016
2024-05-09,239.8905,635.2216,205.0131,89.5302,2229.9918,159.942,14.9967,131558.6281
2024-05-10,243.3479,630.5118,206.8647,90.2349,2263.4994,159.8488,15.0782,129822.0675
2024-05-13,241.5839,635.7553,204.7315,90.7669,2285.1299,158.4345,14.9099,136112.4727
2024-05-14,242.4894,635.1722,214.1845,90.4408,2304.8482,160.9341,14.9591,134133.5754
2024-05-15,241.3756,622.0523,211.031,90.73,2309.405,161.9782,15.4701,126197.9286
2024-05-16,243.4603,621.4102,215.6057,90.7838,2303.1202,162.0138,15.4003,127289.689
2024-05-17,237.3097,611.2419,208.5234,91.4645,2314.9631,159.4658,15.3025,124417.9472
2024-05-20,235.1993,604.5318,208.4433,91.595,2290.7384,158.312,15.2556,123634.6464
2024-05-21,229.9456,598.4075,203.9319,92.0533,2292.1869,159.731,15.143,120656.6339
2024-05-22,230.0832,594.3173,202.8696,92.6203,2283.5502,158.1506,15.1384,114847.5559
2024-05-23,229.0086,597.7505,204.153,92.3122,2285.6352,161.7812,15.0118,114790.7788
2024-05-24,228.9079,598.9101,206.3183,93.4091,2298.7143,158.7216,15.046,116149.7295
2024-05-27,229.6574,597.697,207.423,94.6216,2279.4094,158.8489,15.2233,120588.8506
2024-05-28,229.3341,610.2276,207.0152,94.1073,2282.3812,164.4375,15.1489,132208.8555
2024-05-29,231.2049,617.1033,207.8917,93.5862,2255.3038,161.1926,15.3027,146052.2464
2024-05-30,230.557,625.1969,205.4012,93.6934,2275.9432,161.0886,15.133,148239.4467
2024-05-31,229.4528,622.3625,203.4056,93.5253,2259.679,159.1071,14.9113,145185.7121
2024-06-03,236.4296,633.7607,210.5107,93.4988,2272.2379,161.6477,15.4085,143044.4163
2024-06-04,237.5251,646.3705,209.2825,93.7511,2291.3348,162.2939,15.5029,142977.4686
2024-06-05,239.6308,644.9242,215.5773,93.4703,2300.0859,163.0733,15.6475,144558.5289
2024-06-06,241.4207,648.7061,212.7927,93.9294,2325.869,162.6548,15.5303,144742.6314
2024-06-07,240.291,644.125,213.4595,94.0303,2339.8094,160.6056,15.6896,143155.386
2024-06-10,239.4745,644.3073,211.8608,93.7911,2317.0429,159.5207,16.1362,146499.8062
2024-06-11,240.4034,653.8134,213.2335,93.4896,2297.1043,159.3685,16.2092,149247.1292
2024-06-12,241.6654,656.5463,219.2025,93.3251,2307.3069,163.1613,16.308,150737.0478
2024-06-13,249.6633,657.977,227.7676,92.857,2349.0753,166.5076,16.4684,159227.8991
2024-06-14,253.092,664.0276,230.5156,93.9194,2387.9103,167.6971,16.6961,158200.9833
2024-06-17,257.3167,671.0785,236.2721,93.7632,2389.4804,159.0043,16.8071,162296.4211
2024-06-18,260.0454,672.4753,240.5073,93.6987,2405.4407,159.0111,16.8571,160896.0159
2024-06-19,264.3266,677.0461,242.1886,93.9332,2414.5631,160.4528,17.0305,162861.1597
2024-06-20,268.3509,689.0136,243.4576,94.1564,2418.6832,159.5792,17.1288,160841.9272
2024-06-21,265.9599,693.322,242.3508,94.906,2447.1321,160.58,17.0894,162189.951
2024-06-24,259.2144,693.5046,238.286,95.0443,2423.1312,159.5756,16.9474,158131.7901
2024-06-25,261.6227,698.09,237.0147,95.3355,2422.2142,159.5816,16.8018,158038.0284
2024-06-26,257.7744,700.8092,234.312,95.8961,2413.8437,157.977,16.5536,165093.4225
2024-06-27,260.6877,703.7752,239.0482,95.2891,2386.7696,152.5533,16.2996,159739.2926
2024-06-28,260.96,710.3229,237.6335,95.3712,2369.3813,154.9673,16.6004,165115.439
2024-07-01,269.8625,729.4498,242.9139,94.9749,2375.6372,156.7557,16.6722,177910.3151
2024-07-02,271.5842,747.5278,245.8669,94.6793,2363.5512,158.8162,16.7855,185098.8085
2024-07-03,272.0288,765.6748,250.085,93.6891,2364.0892,161.4781,16.8532,191330.6511
2024-07-04,276.9245,766.0708,260.2527,93.118,2363.3223,169.4251,17.0265,195797.5523
2024-07-05,272.0358,773.271,257.0291,93.1588,2349.5939,166.613,16.8979,200903.2314
2024-07-08,272.9488,779.5129,254.8544,93.3727,2364.3476,164.2304,17.0151,205062.5155
2024-07-09,272.6452,781.7362,249.5867,93.5593,2364.9674,166.1288,17.1422,197831.6679
2024-07-10,271.5696,767.1673,250.7097,93.938,2373.6184,164.2172,16.944,193512.1681
2024-07-11,270.4077,771.542,249.0394,93.7315,2331.0199,163.5899,16.8356,192766.3636
2024-07-12,276.5177,774.7148,257.1211,94.0056,2361.55,165.0074,16.8806,192084.8256
2024-07-15,273.1394,775.6388,249.9833,95.1929,2408.8158,169.1087,17.0908,189774.9428
2024-07-16,270.5257,771.7199,248.8959,96.6397,2421.4018,172.4423,17.2538,189028.7319
2024-07-17,270.3526,773.6826,248.9175,97.0168,2439.6045,172.6512,17.4344,185725.7592
2024-07-18,265.4602,759.7837,242.5984,97.3645,2434.6765,175.9818,17.165,178445.0691
2024-07-19,258.6364,750.7472,236.3996,98.2987,2447.7023,171.3583,16.8531,169841.9533
2024-07-22,255.5465,737.6063,238.415,98.1626,2443.8612,171.1892,16.8989,165422.5571
2024-07-23,252.2016,729.6174,236.9778,98.2504,2450.7339,169.4944,16.6941,159258.2502
2024-07-24,254.6762,732.2349,239.6854,98.0818,2477.5082,174.475,17.0049,159547.1355
2024-07-25,256.0363,731.982,237.524,99.0123,2478.0896,173.6388,16.9143,158307.4236
2024-07-26,256.8577,723.7771,244.4955,99.6217,2465.1939,172.4146,17.2585,155602.8434
2024-07-29,254.9243,715.4762,236.8869,100.0027,2474.9653,170.0191,17.3216,151534.8455
2024-07-30,257.0905,725.4618,239.2212,99.2813,2465.231,169.2336,17.0011,152874.3109
2024-07-31,256.8458,737.2503,240.226,99.3582,2443.3505,169.1687,17.1303,150389.3499
2024-08-01,251.827,741.0341,236.4852,98.9174,2417.0389,170.8404,17.5774,154643.1773
2024-08-02,250.4386,740.9959,233.9489,98.9059,2424.1239,170.2957,17.576,144402.3158
2024-08-05,254.9128,742.0176,239.1297,98.5744,2426.0525,173.4587,17.7433,149728.2543
2024-08-06,257.7099,751.9582,238.6816,98.0729,2457.868,173.7987,17.7568,159997.3092
2024-08-07,258.2247,761.2119,238.2855,98.9682,2495.9535,175.3058,17.8677,162764.2615
2024-08-08,257.0972,764.948,231.8341,99.0088,2487.5338,170.6908,17.8949,161681.168
2024-08-09,258.9485,762.1491,236.8715,99.4105,2504.1591,167.2035,17.9043,161525.0589
2024-08-12,256.444,755.1969,235.16,100.07,2482.531,163.0029,17.8599,151722.1967
2024-08-13,259.5511,754.3562,239.5994,99.7734,2437.4868,161.1112,17.664,151420.7374
2024-08-14,262.7278,749.9863,239.8371,99.771,2425.0504,158.9165,17.6674,149081.5261
2024-08-15,266.1125,750.6852,242.2372,99.99,2430.9004,155.9694,17.4881,150717.9828
2024-08-16,263.9087,762.3889,240.589,99.9032,2424.8843,153.6899,17.6262,167817.3648
2024-08-19,261.6733,762.6769,238.4461,100.3681,2443.9987,157.8252,17.6916,172793.9686
2024-08-20,258.6712,751.9058,234.9176,100.0823,2440.7412,161.6917,17.7718,173697.3807
2024-08-21,258.4018,745.0063,228.4895,100.1663,2466.4677,170.0275,17.5962,175509.2561
2024-08-22,259.2723,743.6859,226.1106,99.7769,2474.2693,172.7429,17.6339,180013.1969
2024-08-23,255.8539,742.2031,225.3542,99.5528,2447.0722,166.928,17.4326,186796.9684
2024-08-26,255.5638,738.3112,222.4847,98.6861,2434.7915,166.9587,17.202,191594.6567
2024-08-27,256.0489,743.1244,218.7938,98.5539,2394.6957,167.1514,17.0678,187674.2805
2024-08-28,253.9702,730.3428,217.3124,98.2232,2386.075,165.7192,17.096,186805.7214
2024-08-29,254.8178,736.8583,217.5475,98.3704,2384.548,162.8125,17.1985,192261.7488
2024-08-30,252.2707,718.2205,218.3603,98.2604,2345.6138,159.5228,17.4299,182824.2933
2024-09-02,253.8155,717.3173,212.7351,98.1769,2341.8567,162.9642,17.7585,182224.2451
2024-09-03,250.815,713.3924,209.3614,97.8919,2362.8045,163.139,17.8044,180833.9936
2024-09-04,252.632,721.2037,211.2364,97.8357,2408.037,166.3823,18.2567,181988.17
2024-09-05,252.8569,713.9424,210.9256,98.496,2442.2727,168.0964,18.1718,179548.8228
2024-09-06,253.7977,714.3171,214.873,99.1129,2462.5952,168.7665,18.1951,175590.4104
2024-09-09,256.3138,703.9042,215.7614,99.5161,2484.4152,173.8311,18.3877,171100.3474
2024-09-10,261.0941,708.2816,216.5561,99.3727,2460.8949,168.0553,18.2506,162781.3615
2024-09-11,266.0057,716.6198,222.2391,98.8357,2476.3639,171.1479,18.0443,173305.6393
2024-09-12,270.3865,713.2513,225.1384,98.64,2488.0547,171.9704,18.0327,172487.264
2024-09-13,267.3432,724.371,213.8918,99.1595,2507.0755,179.1269,17.9427,184047.441
2024-09-16,265.3052,725.7254,211.884,99.0479,2513.7069,180.3942,17.759,182955.4929
2024-09-17,264.6172,722.1062,209.668,100.2174,2531.3106,178.1616,17.3569,188417.6052
2024-09-18,267.548,729.5537,210.7466,97.8147,2508.4676,181.0628,17.3773,196952.1085
2024-09-19,258.6933,720.2867,199.043,98.4125,2496.4336,182.794,17.05,190921.6932
2024-09-20,261.4658,716.3011,199.055,98.5739,2498.5093,181.4642,16.997,185544.3942
2024-09-23,264.7486,721.5033,205.598,98.514,2498.9644,187.2421,17.0149,194999.8751
2024-09-24,264.6432,721.1901,205.1273,98.7816,2484.7528,189.7506,17.3019,204236.9605
2024-09-25,265.9908,726.1736,203.0431,99.0016,2499.5559,191.8799,17.2817,203920.9176
2024-09-26,265.5678,727.7641,204.5083,99.1683,2487.7876,198.3273,17.3223,203136.967
2024-09-27,260.3124,708.6078,200.8134,99.2628,2501.0568,194.817,17.2082,199526.4739
2024-09-30,252.9607,701.9851,190.7141,99.9844,2502.6268,189.4823,17.3581,200801.4574
2024-10-01,252.389,712.0926,189.2226,100.2545,2531.7793,194.7817,17.7609,211074.3338
2024-10-02,247.1863,715.6488,186.2072,101.6363,2524.6209,194.2754,17.6543,210759.6398
2024-10-03,253.7725,722.2499,190.8858,101.2569,2530.2854,195.8132,17.8538,214630.936
2024-10-04,251.4476,720.9926,185.3935,101.2836,2541.8331,198.8741,17.8042,217487.8359
2024-10-07,254.7404,727.2181,188.6975,100.681,2533.3473,202.4783,18.0812,216278.4371
2024-10-08,258.236,741.3557,191.1044,100.5535,2525.0915,202.5619,17.878,219179.5767
2024-10-09,259.0201,759.1758,191.9665,100.6595,2511.2119,201.7339,17.6513,221791.9716
2024-10-10,257.4899,768.428,189.2692,100.9913,2519.9008,207.0403,17.5262,235215.0382
2024-10-11,260.5257,763.6326,189.4067,100.669,2536.3747,208.3282,17.5817,240411.6279
2024-10-14,262.6497,772.2081,190.8338,99.7805,2538.1609,212.0918,17.9468,253092.414
2024-10-15,270.8101,756.1104,194.1741,100.3854,2550.4847,211.3505,18.0391,231527.1729
2024-10-16,278.362,750.7996,199.1849,100.9577,2606.446,220.3195,18.844,232458.8482
2024-10-17,277.1763,752.8484,198.516,101.4229,2610.8748,221.0025,19.1941,237473.0765
2024-10-18,276.9861,751.3767,201.4087,102.9595,2636.4334,223.933,19.3779,248008.0124
2024-10-21,262.1877,744.5368,191.1621,102.6509,2632.5333,220.5591,18.8618,230446.9774
2024-10-22,265.9767,748.5439,193.7956,102.306,2635.038,221.4608,18.7053,235865.2339
2024-10-23,264.7532,744.7268,192.9672,102.6992,2664.4824,221.4147,18.7977,236266.7523
2024-10-24,259.0406,740.6596,185.6654,101.8891,2624.6953,216.2497,18.6056,229268.4311
2024-10-25,257.8593,745.5667,185.8246,101.6281,2651.8679,217.8661,18.5084,228528.6942
2024-10-28,255.1232,746.4943,182.5889,101.6867,2661.8759,223.123,18.6314,218943.9357
2024-10-29,253.0518,742.2173,181.0077,101.3764,2671.9788,220.7688,18.2582,219887.6122
2024-10-30,251.6624,749.1092,182.1236,101.4053,2662.6597,218.9217,18.21,218260.8132
2024-10-31,250.6731,751.6365,179.6804,101.8196,2668.6518,213.8626,18.5181,209531.6713
2024-11-01,248.1186,756.849,180.7836,101.5649,2670.6047,215.5447,18.3189,210025.2658
2024-11-04,249.6064,758.2072,183.8422,101.3649,2652.2158,218.3975,18.4497,208289.7592
2024-11-05,251.9634,759.3459,185.8529,101.3855,2676.11,217.3553,18.1299,211671.1257
2024-11-06,256.5319,750.1255,188.9278,100.2214,2679.3521,218.0564,17.8984,213363.5157
2024-11-07,256.2367,762.4529,200.1613,99.1696,2696.3529,224.065,17.8932,209135.283
2024-11-08,259.824,766.6444,205.193,99.9657,2707.1303,222.8484,18.223,212217.5907
2024-11-11,265.6031,765.8035,209.4464,100.1614,2749.2677,229.2455,18.7354,211405.1986
2024-11-12,269.1908,774.8441,216.7568,99.6062,2745.4049,233.6047,18.4415,210766.7159
2024-11-13,267.4074,774.2728,220.032,99.4839,2743.6946,231.3634,18.5968,205059.0875
2024-11-14,270.6296,780.7411,221.6116,98.7679,2753.8781,229.0834,18.7817,200367.4492
2024-11-15,271.4822,776.7781,223.7947,98.774,2755.669,230.4642,18.8811,190850.2373
2024-11-18,268.9918,772.8379,220.1158,98.6972,2720.7167,229.2311,18.7418,188544.4275
2024-11-19,269.1955,771.9235,218.2376,99.3258,2777.9177,234.4028,18.7875,187161.4897
2024-11-20,271.089,775.3088,220.1942,99.044,2800.2175,237.0097,18.7136,185452.7936
2024-11-21,270.7292,783.9403,219.7794,99.2001,2801.9122,240.3473,18.6623,183817.2769
2024-11-22,267.9455,776.6431,222.4144,99.3992,2803.7222,241.1297,18.6536,169491.7419
2024-11-25,262.9157,773.7228,214.8386,99.9804,2801.95,239.6259,18.4582,164471.8856
2024-11-26,264.4693,778.1757,215.3009,99.0199,2809.0406,242.4167,18.6662,165972.7808
2024-11-27,269.1786,772.0731,219.8098,98.599,2794.8904,241.6646,18.5506,164111.2307
2024-11-28,272.8807,773.7775,222.9394,97.436,2773.4327,242.3431,18.6138,162851.4125
2024-11-29,274.0748,765.4224,228.5723,97.2974,2776.8874,245.5951,18.5343,158083.8898
2024-12-02,278.8615,775.9736,232.1629,96.7385,2781.3721,241.2517,18.7073,166000.0221
2024-12-03,274.7932,786.7443,233.2231,97.2883,2773.0321,239.9086,18.4068,168561.9109
2024-12-04,276.9578,801.4212,235.4387,97.3252,2773.612,241.836,18.2861,175396.8239
2024-12-05,274.4716,801.2175,230.7708,96.8391,2736.7877,242.8116,18.0457,164195.3047
2024-12-06,279.2293,806.9403,234.1951,96.1133,2709.279,232.7864,17.9868,164465.8081
2024-12-09,278.2826,802.6291,236.9865,95.8952,2702.8637,234.0875,18.0082,161632.7861
2024-12-10,279.0492,800.9801,234.1511,95.8006,2698.0741,232.803,18.2998,163385.208
2024-12-11,279.7575,812.1882,227.571,96.2388,2702.6075,233.7646,18.1128,155541.8568
2024-12-12,277.8971,824.9325,222.3353,97.1353,2720.0716,232.819,18.1524,156352.4542
2024-12-13,274.1154,823.5576,216.4105,97.5998,2684.3669,229.3422,17.8745,154839.8274
2024-12-16,275.8712,818.7876,216.2541,98.3702,2711.8553,225.7391,17.8426,151983.6541
2024-12-17,274.7087,825.4055,214.7223,97.6657,2688.6224,227.8982,17.6477,153319.2158
2024-12-18,276.184,820.9546,215.988,97.8035,2701.0259,229.2372,17.5022,149191.6926
2024-12-19,281.0205,825.2883,219.4852,97.2636,2662.6742,229.6489,17.6353,153928.2005
2024-12-20,275.9348,818.2321,216.0108,97.3327,2628.7137,229.2018,17.6624,147836.2872
2024-12-23,272.8458,824.0769,211.5801,97.1133,2660.4023,228.1491,17.7127,137513.1929
2024-12-24,274.4868,828.5712,216.9083,97.1714,2686.059,229.9457,17.322,136253.4408
2024-12-25,281.2142,832.274,227.9283,97.5129,2696.1924,233.8396,17.3675,134865.6759
2024-12-26,288.6914,837.439,232.4235,97.4287,2702.3015,231.3356,17.526,138655.1516
2024-12-27,289.5727,838.7739,231.6699,98.5405,2639.2082,226.8601,17.4442,137425.8821
2024-12-30,288.5253,851.2055,229.9661,98.146,2641.9985,237.8211,17.7494,136334.9578
2024-12-31,292.5231,851.0623,231.5507,99.2276,2671.1096,238.001,17.8838,137714.4575
2025-01-01,291.52,852.6958,233.9851,99.0942,2674.9212,238.7372,17.8558,139334.109
2025-01-02,291.0939,832.5292,233.8375,99.8949,2699.6825,242.4182,17.9728,136248.4441
2025-01-03,296.2866,832.329,238.8858,99.8626,2713.4828,240.6626,17.9898,149695.343
2025-01-06,289.3172,834.9813,237.0992,99.5719,2694.4198,240.735,17.9213,151122.1599
2025-01-07,287.8121,848.2336,235.3365,99.4379,2681.9566,244.0518,17.7953,159410.1821
2025-01-08,289.7312,866.3811,234.7121,99.3747,2703.7368,229.8488,17.6559,161349.9178
2025-01-09,284.7131,860.6853,232.7178,99.6946,2713.2095,221.2481,17.7166,158640.5537
2025-01-10,288.8397,859.7682,235.8803,100.3255,2724.4274,222.3171,18.0269,147601.3188
2025-01-13,291.8591,865.5478,237.8052,99.7429,2712.9848,223.4749,18.2983,151392.9697
2025-01-14,291.5186,869.4661,232.8797,100.1075,2670.8133,221.2994,18.4335,154495.8065
2025-01-15,293.6789,868.7153,239.3831,100.2016,2670.5768,219.9764,18.3723,148056.5384
2025-01-16,297.4517,859.4187,247.6662,100.3881,2667.786,218.2443,18.2669,143643.2698
2025-01-17,303.0686,863.3917,251.2529,100.1661,2647.8165,223.0813,18.9227,143276.6426
2025-01-20,308.7226,869.8331,255.1089,100.2042,2665.1679,229.85,19.1077,147508.9471
2025-01-21,309.8032,870.3636,257.4623,100.0595,2673.7617,231.9303,19.3211,147376.3257
2025-01-22,317.7389,869.5974,263.5605,100.2451,2675.3508,227.5242,19.3208,144391.3696
2025-01-23,314.954,870.4281,257.7582,100.9702,2692.2024,224.4577,19.1952,149261.691
2025-01-24,313.281,868.5776,252.4898,100.0981,2698.9602,224.9953,19.0084,157095.8796
2025-01-27,320.5153,866.1845,255.8786,100.0828,2699.9893,220.9219,19.2094,161366.4524
2025-01-28,326.0697,868.0643,259.0325,99.7875,2714.1381,219.5841,19.3839,160028.5209
2025-01-29,327.6527,883.4012,265.8778,98.2991,2696.0229,224.123,19.5064,161844.6088
2025-01-30,335.708,919.0102,270.3824,98.012,2686.0514,227.8048,19.3883,160848.1214
2025-01-31,331.4857,909.5063,269.4745,97.7256,2704.5607,227.0243,19.2985,156351.7518
2025-02-03,331.6049,908.0709,273.9527,99.0921,2704.7485,221.759,19.0603,150881.1976
2025-02-04,326.6351,897.8094,272.7222,99.1111,2688.6967,219.825,19.0043,145685.0039
2025-02-05,330.6881,906.1779,277.8112,99.8774,2710.7255,219.0001,18.9206,142450.1994
2025-02-06,338.177,917.9911,290.4198,100.5631,2756.4835,228.4137,18.9264,149084.6451
2025-02-07,334.6244,926.7018,285.3814,100.2904,2757.2522,232.7252,19.0147,151967.7469
2025-02-10,339.3596,922.8398,288.5675,100.2702,2780.6537,234.5266,19.1306,153161.885
2025-02-11,334.7769,893.0086,287.82,100.856,2794.0943,230.8072,19.1807,141447.5586
2025-02-12,337.96,904.3111,290.187,100.8153,2770.5784,220.2943,19.0226,142336.1634
2025-02-13,332.6464,893.3439,283.4527,100.9884,2763.6873,221.9475,19.2104,137444.039
2025-02-14,328.728,888.5276,281.4444,101.6258,2740.2536,213.618,18.8668,134050.2002
2025-02-17,318.588,890.0998,276.945,102.0423,2766.1996,211.3535,18.742,135136.4197
2025-02-18,325.7017,898.8777,282.9175,102.3326,2751.4902,208.5703,18.9301,136411.3986
2025-02-19,328.6464,903.7671,278.8554,102.2489,2784.4255,211.1941,19.0192,147827.1801
2025-02-20,322.3887,896.9752,272.1989,102.0638,2830.8104,211.9229,19.2169,142046.8901
2025-02-21,328.5007,910.1873,281.6365,102.2748,2854.4527,212.2493,19.5392,144037.3573
2025-02-24,331.8331,907.8131,282.1879,102.1257,2863.8463,211.2205,19.7097,149956.633
2025-02-25,336.005,900.7625,285.8416,102.4919,2857.3577,210.3918,19.827,145507.0045
2025-02-26,334.5646,894.3479,288.4123,102.5522,2843.9247,211.1591,19.8765,144862.5011
2025-02-27,335.8621,896.5681,286.555,102.2767,2840.7074,212.9017,19.6762,150075.0673
2025-02-28,335.9365,901.9872,291.2715,102.0693,2848.3463,214.2352,19.7737,149157.0492
2025-03-03,340.6716,912.0642,294.9837,101.972,2874.2087,215.3878,20.0549,150587.3569
2025-03-04,342.6303,907.1247,291.638,101.7045,2836.1964,207.3752,19.8165,144941.7274
2025-03-05,344.4888,923.9783,292.4857,101.0273,2824.5684,208.5174,19.7035,147065.5701
2025-03-06,344.9499,927.4193,301.2951,100.6879,2824.9452,206.1415,19.6468,143912.2041
2025-03-07,346.3449,937.8251,307.1544,100.908,2818.5415,203.7974,19.7293,150979.11
2025-03-10,340.0604,944.2329,299.7867,100.9057,2825.5106,206.6499,19.5407,156043.4533
2025-03-11,340.2408,930.9756,302.0212,101.0228,2825.6759,205.1665,19.5586,151754.503
2025-03-12,331.1773,918.3424,291.6147,101.029,2800.1938,201.5165,19.0896,149455.2734
2025-03-13,337.6832,939.6283,300.345,100.486,2782.8704,193.8053,19.0689,151438.0023
2025-03-14,334.8934,939.0242,295.2803,99.8114,2781.4431,193.4957,19.1135,154778.4067
2025-03-17,340.7138,944.6219,298.6953,99.5452,2740.0202,190.5029,19.0808,156901.2377
2025-03-18,343.7585,951.0615,302.2558,99.4008,2729.22,188.0769,19.003,156340.9114
2025-03-19,335.3016,949.5512,293.8327,99.7718,2727.0577,186.8022,18.7408,154809.1165
2025-03-20,329.6563,950.9845,284.2618,99.7936,2732.6198,187.4331,18.2825,148918.4031
2025-03-21,326.3762,945.3483,278.8385,100.594,2714.6947,186.3746,18.4913,147427.3286
2025-03-24,327.5489,947.3141,281.8698,100.0305,2696.7457,185.6626,18.5573,147966.4296
2025-03-25,329.5427,958.8035,281.7203,100.376,2701.4457,186.225,18.6359,153190.3463
2025-03-26,332.6044,981.0853,280.3654,100.6298,2694.3519,187.2899,18.8071,152287.7464
2025-03-27,330.8487,979.9871,272.1929,100.7674,2641.0753,183.8142,18.6076,154066.6179
2025-03-28,332.1478,968.0733,275.501,100.9355,2652.0103,179.2452,18.5564,149570.0741
2025-03-31,350.6089,981.5649,284.9371,101.4759,2699.1498,181.3598,18.8352,149422.132
2025-04-01,349.9459,988.0141,293.0633,102.1013,2692.7936,179.6911,18.8451,154893.0639
2025-04-02,355.0966,976.3249,295.3311,101.8925,2711.537,179.2076,19.1716,157976.8569
2025-04-03,354.0033,977.7294,296.847,101.5426,2724.9989,179.7432,19.2426,165739.9598
2025-04-04,347.1876,978.5441,290.4333,101.2671,2711.1208,179.2733,19.1369,169577.9776
2025-04-07,353.7345,999.0405,303.5584,100.4364,2715.0432,177.4535,18.9249,172211.5717
2025-04-08,354.2798,993.499,303.8364,99.9087,2731.573,177.8651,18.8097,173780.0479
2025-04-09,360.0912,1001.4056,309.2607,99.7958,2713.083,175.4581,18.5532,173075.2739
2025-04-10,365.0663,999.8703,315.3537,99.7281,2731.4384,173.8583,18.9353,177635.6962
2025-04-11,365.2172,998.9155,319.786,99.1861,2741.883,171.0767,18.9851,179797.2516
2025-04-14,372.3377,1005.7201,326.1711,99.6646,2700.6133,175.2534,18.9451,175992.8163
2025-04-15,374.2451,1002.1719,318.4352,99.5554,2705.186,173.7403,19.0857,181342.1641
2025-04-16,368.8025,998.2193,312.7442,100.9351,2734.5945,176.1962,19.1131,182412.727
2025-04-17,371.4099,1002.3688,319.2384,101.1686,2712.654,178.92,19.1721,174882.5639
2025-04-18,371.8577,1007.6468,316.6446,101.1583,2683.8549,178.9336,19.2565,179308.1132
2025-04-21,375.345,1020.0531,320.7863,101.7982,2680.1844,176.3371,19.4882,176399.8834
2025-04-22,380.7932,1035.5335,324.8618,101.9266,2696.371,176.2625,19.2962,177817.3252
2025-04-23,383.6184,1032.3773,331.8927,101.243,2677.7676,172.6161,19.282,168644.1293
2025-04-24,386.8215,1032.8126,334.5775,101.0352,2712.6401,176.8406,19.4848,171646.5275
2025-04-25,388.3236,1038.9783,332.8972,101.8816,2758.4913,177.9501,19.5678,171329.4374
2025-04-28,377.2668,1030.2555,321.3249,101.6289,2758.0678,173.6341,19.4209,161984.1178
2025-04-29,372.1273,1027.854,317.6853,102.0361,2751.1631,169.7121,19.5172,163952.1345
2025-04-30,371.2953,1013.3324,317.3974,102.4476,2754.6388,169.6657,19.7021,156167.5782
2025-05-01,367.8592,1000.0566,315.0657,103.2592,2735.0005,165.6673,19.8142,153410.4306
2025-05-02,374.086,1003.2428,317.2248,103.5171,2794.5813,164.4183,19.7462,158815.1034
2025-05-05,375.4759,989.047,322.0599,104.685,2838.2983,164.1443,19.8591,154522.5821
2025-05-06,382.6021,988.8776,322.0537,105.7111,2858.6906,163.9514,20.1191,154898.4417
2025-05-07,384.5894,996.2326,320.8366,105.6791,2853.9434,164.4784,20.3144,160337.0961
2025-05-08,384.4137,990.4688,318.3237,105.7627,2866.9689,163.6154,20.278,159661.8436
2025-05-09,390.4027,998.7873,325.545,105.6671,2853.5759,163.4005,20.2106,151130.239
2025-05-12,384.5081,1002.9246,318.3401,105.9458,2866.2342,163.1471,19.8514,146675.3744
2025-05-13,388.3461,1000.876,319.6665,105.7004,2876.4711,164.3853,19.4744,147019.5677
2025-05-14,381.4824,991.5906,316.8779,105.7482,2892.1828,163.0589,19.6298,137619.0559
2025-05-15,381.4097,991.3537,320.449,105.566,2893.4644,163.6177,19.779,139646.5996
2025-05-16,380.4252,996.0833,320.6472,105.1242,2914.0825,166.5926,19.566,141828.6955
2025-05-19,387.2457,994.6619,330.2757,105.5244,2946.3794,168.4685,19.7715,147309.4949
2025-05-20,381.6753,989.5622,324.5939,106.2403,2958.8434,165.5687,19.6989,146071.8011
2025-05-21,374.2591,988.332,318.3536,106.3378,2893.6421,167.0328,19.3324,143204.7096
2025-05-22,371.4117,1000.7272,316.2227,106.5586,2853.2774,166.638,19.0765,141211.1835
2025-05-23,374.2299,1006.4473,313.2658,106.0705,2841.2453,167.0069,18.7939,141698.2189
2025-05-26,370.0014,1019.4124,318.0763,105.8283,2826.8702,168.6774,18.752,141177.66
2025-05-27,376.9146,1006.2264,329.613,105.4895,2816.6421,163.6384,19.0598,142939.3968
2025-05-28,377.0501,1044.8557,331.8323,105.1226,2838.9194,168.464,19.0856,152660.1597
2025-05-29,374.2903,1046.8888,321.483,106.2418,2853.5295,167.9843,18.6985,151401.4
2025-05-30,373.7865,1036.4601,319.942,106.4612,2867.9161,166.2289,18.9023,150341.177
2025-06-02,371.746,1027.7229,320.3433,106.6721,2868.2426,167.8607,18.8928,151279.2976
2025-06-03,382.5285,1031.4121,327.1432,106.2224,2850.0767,169.3482,18.9956,150225.3489
2025-06-04,380.9507,1043.4437,323.2622,105.9094,2833.4896,171.4039,19.3579,152289.6283
2025-06-05,378.7963,1055.964,318.5536,105.5129,2821.1432,173.1192,19.3133,158392.5741
2025-06-06,381.9728,1061.0394,326.7887,104.8941,2816.7092,171.3892,19.2328,158684.1337
2025-06-09,379.6292,1044.405,324.298,105.4621,2830.9519,171.1147,19.1894,158950.585
2025-06-10,387.1961,1052.7605,335.2188,106.1588,2869.6249,173.5679,19.3579,162079.4579
2025-06-11,383.2399,1040.793,332.1842,105.1579,2799.3318,175.706,19.4459,160541.042
2025-06-12,380.7872,1041.2953,316.7384,106.2505,2830.454,173.9712,19.5122,162412.5139
2025-06-13,384.2412,1040.7057,319.2453,106.1306,2818.9029,174.5749,19.6338,164627.6729
2025-06-16,390.74,1056.5126,326.6311,106.6741,2830.4322,166.7627,19.6881,170103.9032
2025-06-17,397.5661,1059.8517,328.8872,106.2419,2835.4173,170.6515,19.8637,175993.8107
2025-06-18,385.8243,1055.076,317.9251,105.5266,2805.4987,168.3395,19.5816,172002.3105
2025-06-19,385.9237,1052.8356,314.4998,106.1442,2826.2922,168.7384,19.7198,172862.2038
2025-06-20,381.1954,1050.6024,307.034,105.5397,2784.9494,168.4655,19.8147,164157.7703
2025-06-23,386.6194,1067.5324,310.8766,104.7472,2781.7292,169.8754,19.9865,175125.3027
2025-06-24,383.8794,1059.8711,308.43,104.48,2750.8596,166.5522,19.9231,169097.487
2025-06-25,379.0021,1061.5619,304.5701,104.1308,2717.8313,165.9201,19.64,166409.6923
2025-06-26,395.0419,1073.1678,318.6345,103.5618,2722.569,169.6977,19.7561,169153.3177
2025-06-27,392.9624,1070.5069,315.4873,103.0261,2724.5956,170.2628,19.8962,159795.2946
2025-06-30,394.4173,1055.8837,317.5155,103.1205,2741.5485,169.6588,19.7533,160196.2502
2025-07-01,393.1755,1060.3329,311.209,103.3644,2757.8688,168.4302,20.249,160021.6469
2025-07-02,395.2784,1077.5866,320.8551,103.7858,2822.5873,168.7958,20.4365,161872.2772
2025-07-03,394.6431,1088.0401,319.5559,104.1547,2835.032,169.7204,20.4775,160510.6984
2025-07-04,394.26,1092.744,324.5921,104.6599,2865.1816,168.3494,20.3296,157239.8815
2025-07-07,400.8118,1098.9568,325.3124,104.1278,2899.3195,170.0541,20.7875,163837.627
2025-07-08,404.4327,1086.3265,327.2959,104.3213,2918.8314,171.8672,20.9709,159158.651
2025-07-09,406.2293,1090.7471,335.9409,103.8789,2916.5125,170.5649,20.9272,157521.9257
2025-07-10,403.9538,1100.6585,335.665,103.8016,2898.4781,173.7886,20.7455,154653.5203
2025-07-11,408.9342,1098.6177,349.235,102.997,2902.6899,177.0817,21.2716,153574.0561
2025-07-14,413.4943,1118.1188,352.9786,102.5298,2926.5825,176.5184,21.4741,162724.6762
2025-07-15,412.986,1110.732,358.7685,102.8091,2920.3219,173.5069,21.3613,159627.1996
2025-07-16,409.1598,1113.692,351.8125,103.0613,2914.4383,170.6169,21.2671,156784.616
2025-07-17,401.6034,1111.054,349.0131,102.3872,2874.0456,168.3918,21.22,157478.8274
2025-07-18,401.1852,1101.4588,351.0776,103.4561,2895.0838,174.1756,21.2205,151813.7837
2025-07-21,396.9174,1094.7316,350.4234,102.9289,2891.9284,174.8958,21.2978,152292.7978
2025-07-22,402.0065,1102.2207,358.92,102.2041,2883.8998,178.6991,21.3108,149566.7859
2025-07-23,409.0837,1106.4446,359.6948,101.7412,2924.1699,182.4537,22.2948,158929.6394
2025-07-24,418.7135,1109.6662,369.8948,102.1737,2961.7647,182.9134,22.2918,161844.7862
2025-07-25,424.3712,1118.9014,372.9691,102.5102,2981.2239,181.5663,22.4836,170519.8138
2025-07-28,426.8774,1135.1381,369.3949,102.1283,3008.9574,182.1235,22.7183,171613.5576
2025-07-29,427.3485,1135.1393,370.7142,101.3539,2983.7032,181.527,23.0913,169713.1492
2025-07-30,431.2485,1154.8273,373.4235,100.729,2992.027,189.112,22.6082,174211.9328
2025-07-31,436.0135,1148.4918,373.9015,100.9488,2969.0199,189.5632,22.6428,165065.1719
2025-08-01,427.5754,1161.4153,369.8914,100.7902,2947.2298,187.8923,22.549,163163.346
2025-08-04,427.3418,1162.5546,372.5173,100.791,2947.6921,191.1413,22.6995,163349.5382
2025-08-05,434.7225,1165.7976,381.1628,100.7631,2968.6264,192.7768,22.5566,159006.4537
2025-08-06,439.0608,1185.494,386.7239,100.7416,2943.1634,192.0765,22.3522,163157.2269
2025-08-07,442.6568,1177.7634,392.5502,101.1837,2926.8067,194.1927,22.2111,165262.807
2025-08-08,447.2935,1188.1275,397.0994,100.1968,2934.0077,200.4138,22.2273,166122.9694
2025-08-11,451.3071,1185.3393,393.466,100.5764,2963.4422,193.4717,21.7308,151011.2367
2025-08-12,454.6094,1207.0996,398.4321,100.3136,2935.2277,199.267,21.8941,154696.8985
2025-08-13,455.9568,1201.7971,400.3016,99.9905,2932.7429,197.6806,22.4163,157394.9596
2025-08-14,458.3528,1201.9443,400.922,100.3595,2968.854,197.9185,22.8006,156336.7189
2025-08-15,460.3709,1211.8471,398.3775,99.5164,2980.0283,196.5425,23.1476,160212.884
2025-08-18,466.1691,1220.428,403.8634,99.7818,2981.6274,194.5699,23.5695,160845.7097
2025-08-19,468.5527,1222.9017,401.7523,100.3395,2980.7628,195.7884,23.4859,155938.8438
2025-08-20,475.4888,1245.6556,411.1993,99.4448,2961.4466,199.2034,23.5941,160458.2073
2025-08-21,478.0461,1254.7331,415.6318,99.3218,2951.9498,198.5902,23.5469,162687.8652
2025-08-22,484.167,1254.2581,415.7142,99.1246,3000.3944,196.5787,23.8186,166507.0052
2025-08-25,484.2543,1255.9262,412.7141,99.8058,2993.7926,200.5236,23.8106,167819.2749
2025-08-26,482.4422,1242.3491,413.9397,99.6493,2977.8365,202.1841,23.9028,170425.6922
2025-08-27,486.7467,1259.4208,407.7435,99.6703,3002.1432,199.4328,22.9053,173370.6531
2025-08-28,506.0932,1276.1766,426.249,99.9711,3078.5547,203.1748,23.3268,177697.8732
2025-08-29,503.0887,1269.6529,423.0616,99.7884,3137.7263,202.7777,23.5838,174910.3023
2025-09-01,500.9661,1260.5517,419.5771,100.3777,3142.2151,202.1109,23.4377,168660.5569
2025-09-02,499.7648,1263.0437,428.6749,100.5962,3183.1021,207.549,23.6133,169487.9065
2025-09-03,493.401,1269.8508,426.2444,100.478,3161.8542,207.7903,23.6736,175378.3223
2025-09-04,494.9981,1275.7987,430.9083,99.6668,3142.5311,204.8013,23.3914,168370.0381
2025-09-05,495.9864,1281.1522,429.6293,100.8984,3162.2573,193.4941,23.3076,167928.5216
2025-09-08,490.8395,1263.075,427.0905,101.0965,3146.6686,193.8172,23.4288,161703.2677
2025-09-09,505.3014,1263.8757,441.8904,101.5534,3106.4098,198.0885,23.6429,161191.9072
2025-09-10,505.9849,1267.4033,444.8435,101.7691,3112.8072,202.712,23.6503,161787.3925
2025-09-11,506.8206,1261.1523,458.3616,101.4958,3122.1428,202.5767,23.6818,162166.3481
2025-09-12,518.2709,1271.7748,465.5967,101.676,3106.7169,197.5248,23.5743,163381.3222
2025-09-15,514.5927,1249.7661,458.3174,101.7052,3075.9901,192.6243,23.8217,159221.7864
2025-09-16,506.5304,1241.0788,446.2805,103.0781,3129.6004,196.7438,24.3807,160860.8381
2025-09-17,518.4592,1253.2151,465.6005,102.646,3133.2918,196.3936,24.6905,162644.5294
2025-09-18,519.568,1257.5385,464.808,102.2774,3077.5431,199.9284,24.7438,157550.1466
2025-09-19,512.3024,1247.5848,458.7284,102.0724,3043.3386,199.5313,24.7264,152827.4402
2025-09-22,513.9471,1250.2227,464.7342,102.4847,3061.763,201.2295,25.0059,152206.4242
2025-09-23,514.0189,1209.2048,459.6235,103.1178,3059.5566,191.0552,24.8622,138440.0353
2025-09-24,504.0035,1195.8156,446.0647,103.4041,2984.528,185.9371,24.6046,137445.4239
2025-09-25,505.5579,1203.605,449.6805,103.4134,2977.1974,183.8417,24.4489,138115.0474
2025-09-26,509.7454,1195.1413,455.3144,103.7969,2956.963,182.0169,24.466,139949.8124
2025-09-29,521.5348,1225.0001,463.1542,103.9223,2976.8317,186.7115,24.7371,146439.0064
2025-09-30,520.2197,1225.101,462.6717,104.2981,2962.2019,186.0571,24.8919,147375.0686
2025-10-01,525.0808,1243.3018,483.3907,103.7384,2948.4405,192.1954,24.423,148515.055
2025-10-02,518.4413,1238.0154,475.7826,104.5127,2962.708,190.2011,23.7577,146437.9106
2025-10-03,535.1619,1238.7742,503.8982,104.2257,2936.4592,190.7538,24.2293,149929.0369
2025-10-06,528.6963,1232.2521,497.1011,103.9953,2946.4329,187.1993,24.1377,151931.3677
2025-10-07,540.4273,1254.3739,520.278,103.5534,2968.2905,187.7393,24.0214,156282.4953
2025-10-08,534.1624,1249.7198,510.8036,102.8428,2995.7271,188.3701,23.6993,157738.2876
2025-10-09,524.1206,1230.4526,503.2178,103.6022,3031.115,190.5641,23.9053,154770.1372
2025-10-10,521.9654,1229.8151,505.2695,103.2303,3025.4779,186.9255,23.7212,153274.7537
2025-10-13,525.1506,1240.3467,496.2396,102.8204,3042.2273,186.2054,23.6108,156153.6694
2025-10-14,496.9663,1237.5326,458.4601,102.8872,3018.1792,183.4799,22.9741,149102.9822
2025-10-15,494.9122,1239.3213,450.1974,102.8695,3032.0365,179.4799,22.931,144358.3569
2025-10-16,506.3237,1251.9418,461.1927,101.79,2989.6116,179.7237,22.6877,148855.7053
2025-10-17,506.9112,1249.488,470.3773,102.0987,3010.3197,176.9773,22.5384,151599.8582
2025-10-20,495.5311,1245.9985,453.64,101.7652,2977.5344,175.6717,22.2599,149906.5594
2025-10-21,507.1362,1222.3714,471.4494,101.6527,3001.2677,176.418,22.4488,153713.3618
2025-10-22,501.9679,1223.8391,465.6106,101.2713,2989.1946,173.3182,22.1123,153882.7788
2025-10-23,508.3908,1210.5432,462.5237,101.5964,3010.7867,168.8883,22.229,153420.0807
2025-10-24,500.2439,1214.969,461.1388,101.4071,2988.5065,171.5409,22.2588,153213.0936
2025-10-27,497.1522,1206.1671,468.1861,102.0217,2987.0269,166.486,22.0943,150453.1786
2025-10-28,509.2069,1215.3603,484.8488,101.8932,2983.5993,165.7196,22.4657,154064.9271
2025-10-29,507.3259,1206.7349,491.8411,101.9529,2982.6441,160.0133,22.2016,149811.248
2025-10-30,505.59,1189.1817,488.3801,102.5984,3003.8265,156.9894,21.9798,148822.4939
2025-10-31,520.4953,1207.3193,499.2526,102.1466,2999.5167,158.6421,21.8957,153548.0675
2025-11-03,525.8874,1228.2548,492.5549,103.8258,3081.119,160.0396,22.2307,152880.4557
2025-11-04,507.7409,1210.875,480.3941,104.0595,3061.6833,157.9927,22.0213,152086.187
2025-11-05,512.8488,1223.4153,471.21,104.6622,3070.9374,159.5688,22.0943,154495.8077
2025-11-06,514.3013,1217.6285,473.8289,104.3986,3056.7996,160.7535,21.7455,153763.7583
2025-11-07,526.0249,1224.6525,477.2601,104.1445,3029.5161,160.5997,21.7083,160942.9605
2025-11-10,530.3169,1215.9469,484.9717,104.0567,3054.3789,164.2532,21.9452,158722.1561
2025-11-11,536.986,1215.091,490.9061,104.1574,3053.6645,164.0902,22.095,161809.3002
2025-11-12,531.0208,1209.281,487.8584,104.0199,3037.1207,165.6126,21.8968,162318.1811
2025-11-13,531.9412,1218.3941,490.6995,103.7144,3054.3528,162.8929,21.6223,168201.6941
2025-11-14,525.2279,1210.1244,473.3699,104.4113,3064.0863,160.7655,20.8763,163517.2572
2025-11-17,523.5218,1228.7746,467.3969,104.2066,3105.2448,162.5732,21.0645,160406.037
2025-11-18,518.1445,1236.579,457.651,104.0429,3078.9656,162.2705,21.0523,157693.0565
2025-11-19,517.7661,1210.9524,460.2418,104.3879,3091.8996,160.2243,21.1586,153728.5196
2025-11-20,511.0807,1207.5296,452.0492,104.8766,3107.7486,158.6537,21.2386,157268.1363
2025-11-21,513.052,1221.5857,447.5034,105.4772,3130.0988,157.8681,21.4723,160971.4147
2025-11-24,516.2677,1227.1432,451.3158,104.8793,3103.5201,158.5031,21.4018,157519.7173
2025-11-25,530.1493,1250.4782,467.6919,104.4304,3138.6549,162.1583,21.3579,159032.8119
2025-11-26,543.7544,1249.5319,469.1363,104.8137,3130.3219,167.3669,21.5757,159569.0619
2025-11-27,547.5925,1261.922,479.9967,104.5008,3131.5496,167.0829,21.6366,156568.5675
2025-11-28,554.3233,1254.7895,489.7051,104.9871,3151.1553,166.0341,21.6749,159261.2364
2025-12-01,549.6214,1252.8052,490.3,104.7875,3108.4333,169.3013,21.454,158903.8479
2025-12-02,556.4943,1243.1091,501.9972,104.6354,3084.1478,169.6557,21.6774,157678.8746
2025-12-03,566.7655,1251.2912,505.8516,104.5997,3085.2106,176.5049,21.674,158551.5836
2025-12-04,565.5189,1245.8013,512.7318,103.8127,3059.9326,178.4175,21.8786,158388.612
2025-12-05,562.3722,1242.6715,509.6098,103.9582,3062.4548,174.1057,21.8823,159241.1362
2025-12-08,572.4115,1231.7539,513.6012,104.0584,3091.3446,171.7309,22.3172,157325.033
2025-12-09,572.0855,1218.4464,510.8869,104.2906,3094.1394,170.5709,22.2274,160047.2309
2025-12-10,572.8426,1232.78,501.4848,103.9176,3121.5903,171.476,21.9957,162636.5873
2025-12-11,568.5536,1246.0974,501.2783,103.406,3141.0814,175.4905,22.0929,167891.5108
2025-12-12,572.3839,1249.1925,504.9386,102.8706,3127.0139,178.0702,22.577,168530.6703
2025-12-15,561.1181,1262.0998,492.2087,103.1378,3107.2227,180.187,22.3436,171725.3289
2025-12-16,562.6854,1254.8044,492.6418,102.8241,3062.1117,183.3929,22.5776,171037.3443
2025-12-17,544.2838,1262.0331,467.6661,102.8097,2982.1644,181.938,22.3739,171345.0121
2025-12-18,538.9144,1255.655,454.1643,101.3127,2968.9253,178.9284,22.3145,173777.27
2025-12-19,533.5195,1246.5673,453.1964,101.0536,2968.9257,180.0352,22.1513,171667.0956
2025-12-22,529.7026,1251.2751,456.2699,101.5124,2992.4277,182.6066,22.0448,168355.7946
2025-12-23,518.0591,1275.243,435.3543,101.7352,3009.6339,186.4556,21.8628,166915.7033
2025-12-24,520.6684,1277.5973,436.8575,104.4849,3054.0922,187.53,22.0543,166889.1789
2025-12-25,511.3247,1276.6631,430.0167,104.8372,3043.2967,183.4917,21.7301,166632.8378
2025-12-26,515.2173,1273.0903,432.2119,104.606,3018.1446,183.2689,21.6536,162659.0036
2025-12-29,520.8251,1260.8574,437.4887,103.9301,3006.0605,181.6841,21.7606,165564.116
2025-12-30,521.833,1262.7835,435.063,104.6249,3022.8244,178.4745,21.7579,166734.3485
2025-12-31,534.9675,1280.6394,449.2803,103.932,3028.8237,181.4848,21.6453,178410.8849
